,ReleaseDate,TaxID,ScientificName,species_tax_id,class_tax_id,strain_tax_id,species,LibraryLayout,Platform,Model,Run,SRAStudy,BioProject,ProjectID,Sample,BioSample,Submission,LibraryStrategy,LibrarySelection,LibrarySource,Body_Site,CenterName,InsertSize,InsertDev,SRA ID,GEO Series,GEO Sample,PMID,Biosample ID,biosample_strain,biosample_genotype,reference_sequence,project_name,condition_name,reference_condition,strain_description,base_media,carbon_source,nitrogen_source,aerobicity,supplement,temperature,pH,growth_phase,OD,additional_notes,ScientificName_curated,Host,Knockout,Other_available_omics,Biological_replicate,Technical_replicate,SampleID,R1,R2,passed_fastqc,passed_reads_mapped_to_CDS,passed_global_correlation,full_name,passed_similar_replicates,passed_number_replicates
SRX1639010,8/9/16 15:48,909946,Salmonella enterica subsp. enterica serovar Typhimurium str. ST4/74,28901,1236,909946,Salmonella enterica,SINGLE,ILLUMINA,Illumina HiSeq 2000,SRR3233319,SRP071896,PRJNA315446,315446,SRS1345456,SAMN04559930,SRA386025,RNA-Seq,cDNA,TRANSCRIPTOMIC,,GEO,0,0,2346541,GSE79314,GSM2091460,27564394.0,4559930,ST4/74 delta-phoB/R,del_phoB/R,NC_016857.1;NC_016858.1;NC_017675.1;NC_016859.1,18_mutants,phoB/R_InSPI2,WT_MEP,del_phoB/R,PCN,,,Aerobic,,37C,5.83,,0.3,,Salmonella enterica subsp. enterica serovar Typhimurium str. ST4/74,,phoB/R,ChIP-Seq,1.0,1.0,phoB/R_InSPI2,,,True,True,True,18_mutants:phoB/R_InSPI2,False,True
SRX334198,12/18/13 17:31,909946,Salmonella enterica subsp. enterica serovar Typhimurium str. ST4/74,28901,1236,909946,Salmonella enterica,SINGLE,ILLUMINA,Illumina HiSeq 2000,SRR951044,SRP028811,PRJNA215033,215033,SRS469452,SAMN02316329,SRA097439,RNA-Seq,cDNA,TRANSCRIPTOMIC,,GEO,0,0,469291,GSE49829,GSM1207858,24331466.0,2316329,ST4/74,wild type,NC_016857.1;NC_016858.1;NC_017675.1;NC_016859.1,Infection_conditions,pH3_shock,Pool_RNA_seq,WT,Lennox Broth,,,Aerobic,,37C,,,0.3,"Growth in Lennox broth to OD600 0.3 then cells were harvested by centrifugation, resuspended in fresh Lennox pH3.0 and grown for additional 10 min",Salmonella enterica subsp. enterica serovar Typhimurium str. ST4/74,,WT,dRNA-Seq,1.0,1.0,pH3_shock,,,True,True,True,Infection_conditions:pH3_shock,False,True
SRX334211,12/18/13 17:31,909946,Salmonella enterica subsp. enterica serovar Typhimurium str. ST4/74,28901,1236,909946,Salmonella enterica,SINGLE,ILLUMINA,Illumina HiSeq 2000,SRR951057,SRP028811,PRJNA215033,215033,SRS469465,SAMN02316312,SRA097439,RNA-Seq,cDNA,TRANSCRIPTOMIC,,GEO,0,0,469304,GSE49829,GSM1207871,24331466.0,2316312,ST4/74,wild type,NC_016857.1;NC_016858.1;NC_017675.1;NC_016859.1,Infection_conditions,Peroxide_shock_InSPI2,Pool_RNA_seq,WT,PCN,,,Aerobic,,37C,,,0.3,"PCN to OD600 0.3, then addition of H2O2 to final concentration of 1 mM H2O2 for 12 min",Salmonella enterica subsp. enterica serovar Typhimurium str. ST4/74,,WT,dRNA-Seq,1.0,1.0,Peroxide_shock_InSPI2,,,True,True,True,Infection_conditions:Peroxide_shock_InSPI2,False,True
SRX334183,12/18/13 17:31,909946,Salmonella enterica subsp. enterica serovar Typhimurium str. ST4/74,28901,1236,909946,Salmonella enterica,SINGLE,ILLUMINA,Illumina HiSeq 2000,SRR951029,SRP028811,PRJNA215033,215033,SRS469437,SAMN02316317,SRA097439,RNA-Seq,cDNA,TRANSCRIPTOMIC,,GEO,0,0,469276,GSE49829,GSM1207843,24331466.0,2316317,ST4/74,wild type,NC_016857.1;NC_016858.1;NC_017675.1;NC_016859.1,Infection_conditions,MEP,Pool_RNA_seq,WT,Lennox Broth,,,Aerobic,,37C,,Mid-log,0.3,,Salmonella enterica subsp. enterica serovar Typhimurium str. ST4/74,,WT,dRNA-Seq,1.0,1.0,MEP_tech1,,,True,True,True,Infection_conditions:MEP,True,True
SRX4665717,9/25/18 18:26,909946,Salmonella enterica subsp. enterica serovar Typhimurium str. ST4/74,28901,1236,909946,Salmonella enterica,SINGLE,ILLUMINA,NextSeq 500,SRR7814147,SRP160917,PRJNA490148,490148,SRS3760715,SAMN10026113,SRA770554,RNA-Seq,cDNA,TRANSCRIPTOMIC,,GEO,0,0,6323866,GSE119724,GSM3381729,30645593.0,10026113,ST4/74,wild type,NC_016857.1;NC_016858.1;NC_017675.1;NC_016859.1,comparative_st474,st474_InSPI2,st474_MEP,WT,PCN,,,Aerobic,,37C,5.8,,0.3,"Growth in PCN medium (pH 5.8, 0.4 mM Pi) at 37ºC,220 rpm (in a water bath),to OD600 nm0.3.",Salmonella enterica subsp. enterica serovar Typhimurium str. ST4/74,,WT,Proteomics,3.0,1.0,InSPI2-4,,,True,True,True,comparative_st474:st474_InSPI2,True,True
SRX334205,12/18/13 17:31,909946,Salmonella enterica subsp. enterica serovar Typhimurium str. ST4/74,28901,1236,909946,Salmonella enterica,SINGLE,ILLUMINA,Illumina HiSeq 2000,SRR951051,SRP028811,PRJNA215033,215033,SRS469459,SAMN02316337,SRA097439,RNA-Seq,cDNA,TRANSCRIPTOMIC,,GEO,0,0,469298,GSE49829,GSM1207865,24331466.0,2316337,ST4/74,wild type,NC_016857.1;NC_016858.1;NC_017675.1;NC_016859.1,Infection_conditions,Oxygen_shock,Pool_RNA_seq,WT,Lennox Broth,,,Anaerobic,,37C,,,0.3,"Static growth in Lennox broth to OD600 0.3 in a completely filled and closed 50 ml Falcon tube; then 15 min aerobic growth (baffled flask, 250 rpm)",Salmonella enterica subsp. enterica serovar Typhimurium str. ST4/74,,WT,dRNA-Seq,1.0,1.0,Oxygen_shock,,,True,True,True,Infection_conditions:Oxygen_shock,False,True
SRX1639002,8/9/16 15:48,909946,Salmonella enterica subsp. enterica serovar Typhimurium str. ST4/74,28901,1236,909946,Salmonella enterica,SINGLE,ILLUMINA,Illumina HiSeq 2000,SRR3233311,SRP071896,PRJNA315446,315446,SRS1345463,SAMN04559922,SRA386025,RNA-Seq,cDNA,TRANSCRIPTOMIC,,GEO,0,0,2346533,GSE79314,GSM2091452,27564394.0,4559922,ST4/74 delta-hfq,del_hfq,NC_016857.1;NC_016858.1;NC_017675.1;NC_016859.1,18_mutants,hfq_ESP,WT_MEP,del_hfq,Lennox Broth,,,Aerobic,,37C,,Early-stationary,2.0,,Salmonella enterica subsp. enterica serovar Typhimurium str. ST4/74,,hfq,ChIP-Seq,1.0,1.0,hfq_ESP,,,True,True,True,18_mutants:hfq_ESP,False,True
SRX1639013,8/9/16 15:48,909946,Salmonella enterica subsp. enterica serovar Typhimurium str. ST4/74,28901,1236,909946,Salmonella enterica,SINGLE,ILLUMINA,Illumina HiSeq 2000,SRR3233322,SRP071896,PRJNA315446,315446,SRS1345453,SAMN04559933,SRA386025,RNA-Seq,cDNA,TRANSCRIPTOMIC,,GEO,0,0,2346544,GSE79314,GSM2091463,27564394.0,4559933,ST4/74 delta-ompR/envZ,del_ompR/envZ,NC_016857.1;NC_016858.1;NC_017675.1;NC_016859.1,18_mutants,ompR/envZ_InSPI2,WT_MEP,del_ompR/envZ,PCN,,,Aerobic,,37C,5.83,,0.3,,Salmonella enterica subsp. enterica serovar Typhimurium str. ST4/74,,ompR/envZ,ChIP-Seq,1.0,1.0,ompR/envZ_InSPI2,,,True,True,True,18_mutants:ompR/envZ_InSPI2,False,True
SRX334185,12/18/13 17:31,909946,Salmonella enterica subsp. enterica serovar Typhimurium str. ST4/74,28901,1236,909946,Salmonella enterica,SINGLE,ILLUMINA,Illumina HiSeq 2000,SRR951031,SRP028811,PRJNA215033,215033,SRS469439,SAMN02316324,SRA097439,RNA-Seq,cDNA,TRANSCRIPTOMIC,,GEO,0,0,469278,GSE49829,GSM1207845,24331466.0,2316324,ST4/74,wild type,NC_016857.1;NC_016858.1;NC_017675.1;NC_016859.1,Infection_conditions,MEP,Pool_RNA_seq,WT,Lennox Broth,,,Aerobic,,37C,,Mid-log,0.3,,Salmonella enterica subsp. enterica serovar Typhimurium str. ST4/74,,WT,dRNA-Seq,1.0,3.0,MEP_tech3,,,True,True,True,Infection_conditions:MEP,True,True
SRX4665719,9/25/18 18:26,909946,Salmonella enterica subsp. enterica serovar Typhimurium str. ST4/74,28901,1236,909946,Salmonella enterica,SINGLE,ILLUMINA,Illumina HiSeq 2000,SRR7814149,SRP160917,PRJNA490148,490148,SRS3760714,SAMN10026110,SRA770554,RNA-Seq,cDNA,TRANSCRIPTOMIC,,GEO,0,0,6323868,GSE119724,GSM3381731,30645593.0,10026110,ST4/74,wild type,NC_016857.1;NC_016858.1;NC_017675.1;NC_016859.1,comparative_st474,st474_LEP,st474_MEP,WT,LB,,,Aerobic,,37C,,,0.1,,Salmonella enterica subsp. enterica serovar Typhimurium str. ST4/74,,WT,Proteomics,1.0,1.0,LEP,,,True,True,True,comparative_st474:st474_LEP,False,True
SRX4665716,9/25/18 18:26,909946,Salmonella enterica subsp. enterica serovar Typhimurium str. ST4/74,28901,1236,909946,Salmonella enterica,SINGLE,ILLUMINA,NextSeq 500,SRR7814146,SRP160917,PRJNA490148,490148,SRS3760713,SAMN10026115,SRA770554,RNA-Seq,cDNA,TRANSCRIPTOMIC,,GEO,0,0,6323865,GSE119724,GSM3381728,30645593.0,10026115,ST4/74,wild type,NC_016857.1;NC_016858.1;NC_017675.1;NC_016859.1,comparative_st474,st474_InSPI2,st474_MEP,WT,PCN,,,Aerobic,,37C,5.8,,0.3,"Growth in PCN medium (pH 5.8, 0.4 mM Pi) at 37ºC,220 rpm (in a water bath),to OD600 nm0.3.",Salmonella enterica subsp. enterica serovar Typhimurium str. ST4/74,,WT,Proteomics,2.0,1.0,InSPI2-3,,,True,True,True,comparative_st474:st474_InSPI2,True,True
SRX1638990,8/9/16 15:48,909946,Salmonella enterica subsp. enterica serovar Typhimurium str. ST4/74,28901,1236,909946,Salmonella enterica,SINGLE,ILLUMINA,Illumina HiSeq 2000,SRR3233299,SRP071896,PRJNA315446,315446,SRS1345476,SAMN04559910,SRA386025,RNA-Seq,cDNA,TRANSCRIPTOMIC,,GEO,0,0,2346521,GSE79314,GSM2091440,27564394.0,4559910,ST4/74 delta-dam,del_dam,NC_016857.1;NC_016858.1;NC_017675.1;NC_016859.1,18_mutants,dam_MEP,WT_MEP,del_dam,Lennox Broth,,,Aerobic,,37C,,Mid-log,0.3,,Salmonella enterica subsp. enterica serovar Typhimurium str. ST4/74,,dam,ChIP-Seq,1.0,1.0,dam_MEP,,,True,True,True,18_mutants:dam_MEP,False,True
SRX1638991,8/9/16 15:48,909946,Salmonella enterica subsp. enterica serovar Typhimurium str. ST4/74,28901,1236,909946,Salmonella enterica,SINGLE,ILLUMINA,Illumina HiSeq 2000,SRR3233300,SRP071896,PRJNA315446,315446,SRS1345475,SAMN04559911,SRA386025,RNA-Seq,cDNA,TRANSCRIPTOMIC,,GEO,0,0,2346522,GSE79314,GSM2091441,27564394.0,4559911,wild-type ST4/74,WT,NC_016857.1;NC_016858.1;NC_017675.1;NC_016859.1,18_mutants,WT_IEP,WT_MEP,WT,Lennox Broth,,,Aerobic,,37C,,Intermediate-log,0.8,,Salmonella enterica subsp. enterica serovar Typhimurium str. ST4/74,,WT,ChIP-Seq,1.0,1.0,WT_IEP,,,True,True,True,18_mutants:WT_IEP,False,True
SRX4665710,9/25/18 18:26,909946,Salmonella enterica subsp. enterica serovar Typhimurium str. ST4/74,28901,1236,909946,Salmonella enterica,SINGLE,ILLUMINA,Illumina HiSeq 2000,SRR7814140,SRP160917,PRJNA490148,490148,SRS3760707,SAMN10026125,SRA770554,RNA-Seq,cDNA,TRANSCRIPTOMIC,,GEO,0,0,6323859,GSE119724,GSM3381722,30645593.0,10026125,ST4/74,wild type,NC_016857.1;NC_016858.1;NC_017675.1;NC_016859.1,comparative_st474,st474_EEP,st474_MEP,WT,LB,,,Aerobic,,37C,,Early-log,0.1,,Salmonella enterica subsp. enterica serovar Typhimurium str. ST4/74,,WT,Proteomics,1.0,1.0,EEP,,,True,True,True,comparative_st474:st474_EEP,False,True
SRX4665712,9/25/18 18:26,909946,Salmonella enterica subsp. enterica serovar Typhimurium str. ST4/74,28901,1236,909946,Salmonella enterica,SINGLE,ILLUMINA,NextSeq 500,SRR7814142,SRP160917,PRJNA490148,490148,SRS3760708,SAMN10026122,SRA770554,RNA-Seq,cDNA,TRANSCRIPTOMIC,,GEO,0,0,6323861,GSE119724,GSM3381724,30645593.0,10026122,ST4/74,wild type,NC_016857.1;NC_016858.1;NC_017675.1;NC_016859.1,comparative_st474,st474_ESP,st474_MEP,WT,LB,,,Aerobic,,37C,,Early-stationary,2.0,,Salmonella enterica subsp. enterica serovar Typhimurium str. ST4/74,,WT,Proteomics,3.0,1.0,ESP-3,,,True,True,True,comparative_st474:st474_ESP,True,True
SRX334203,12/18/13 17:31,909946,Salmonella enterica subsp. enterica serovar Typhimurium str. ST4/74,28901,1236,909946,Salmonella enterica,SINGLE,ILLUMINA,Illumina HiSeq 2000,SRR951049,SRP028811,PRJNA215033,215033,SRS469457,SAMN02316336,SRA097439,RNA-Seq,cDNA,TRANSCRIPTOMIC,,GEO,0,0,469296,GSE49829,GSM1207863,24331466.0,2316336,ST4/74,wild type,NC_016857.1;NC_016858.1;NC_017675.1;NC_016859.1,Infection_conditions,Anaerobic_shock,Pool_RNA_seq,WT,Lennox Broth,,,Aerobic,,37C,,,0.3,"Growth in Lennox broth to OD600 0.3 (50 ml), then filled into 50 ml closed Falcon tube and incubated without agitation for 30 min at 37°C",Salmonella enterica subsp. enterica serovar Typhimurium str. ST4/74,,WT,dRNA-Seq,1.0,1.0,Anaerobic_shock,,,True,True,True,Infection_conditions:Anaerobic_shock,False,True
SRX666590,7/31/15 20:28,909946,Salmonella enterica subsp. enterica serovar Typhimurium str. ST4/74,28901,1236,909946,Salmonella enterica,SINGLE,ILLUMINA,Illumina HiSeq 2000,SRR1532986,SRP045115,PRJNA257106,257106,SRS671280,SAMN02947370,SRA177318,RNA-Seq,cDNA,TRANSCRIPTOMIC,,GEO,0,0,934822,GSE59945,GSM1462578,26561851.0,2947370,ST4/74,wild type,NC_016857.1;NC_016858.1;NC_017675.1;NC_016859.1,Macrophage,Intra_macrophage_dRNA,Intra_macrophage_RNA,WT,,,,,,,,,,RAW264.7 murine macrophage,Salmonella enterica subsp. enterica serovar Typhimurium str. ST4/74,,WT,dRNA-Seq,2.0,1.0,Intra-macrophage_dRNA-seq_2,,,True,True,True,Macrophage:Intra_macrophage_dRNA,True,True
SRX334202,12/18/13 17:31,909946,Salmonella enterica subsp. enterica serovar Typhimurium str. ST4/74,28901,1236,909946,Salmonella enterica,SINGLE,ILLUMINA,Illumina HiSeq 2000,SRR951048,SRP028811,PRJNA215033,215033,SRS469456,SAMN02316334,SRA097439,RNA-Seq,cDNA,TRANSCRIPTOMIC,,GEO,0,0,469295,GSE49829,GSM1207862,24331466.0,2316334,ST4/74,wild type,NC_016857.1;NC_016858.1;NC_017675.1;NC_016859.1,Infection_conditions,Bile_shock,Pool_RNA_seq,WT,Lennox Broth,,,Aerobic,,37C,,,0.3,Growth in Lennox broth to OD600 0.3; then addition of bile to a final concentration of 3% for 10 min,Salmonella enterica subsp. enterica serovar Typhimurium str. ST4/74,,WT,dRNA-Seq,1.0,1.0,Bile_shock,,,True,True,True,Infection_conditions:Bile_shock,False,True
SRX1639016,8/9/16 15:48,909946,Salmonella enterica subsp. enterica serovar Typhimurium str. ST4/74,28901,1236,909946,Salmonella enterica,SINGLE,ILLUMINA,Illumina HiSeq 2000,SRR3233325,SRP071896,PRJNA315446,315446,SRS1345450,SAMN04559936,SRA386025,RNA-Seq,cDNA,TRANSCRIPTOMIC,,GEO,0,0,2346547,GSE79314,GSM2091466,27564394.0,4559936,ST4/74 delta-ssrA/B,del_ssrA/B,NC_016857.1;NC_016858.1;NC_017675.1;NC_016859.1,18_mutants,ssrA/B_InSPI2,WT_MEP,del_ssrA/B,PCN,,,Aerobic,,37C,5.83,,0.3,,Salmonella enterica subsp. enterica serovar Typhimurium str. ST4/74,,ssrA/B,ChIP-Seq,1.0,1.0,ssrA/B_InSPI2,,,True,True,True,18_mutants:ssrA/B_InSPI2,False,True
SRX334201,12/18/13 17:31,909946,Salmonella enterica subsp. enterica serovar Typhimurium str. ST4/74,28901,1236,909946,Salmonella enterica,SINGLE,ILLUMINA,Illumina HiSeq 2000,SRR951047,SRP028811,PRJNA215033,215033,SRS469455,SAMN02316331,SRA097439,RNA-Seq,cDNA,TRANSCRIPTOMIC,,GEO,0,0,469294,GSE49829,GSM1207861,24331466.0,2316331,ST4/74,wild type,NC_016857.1;NC_016858.1;NC_017675.1;NC_016859.1,Infection_conditions,LowFe2+_shock,Pool_RNA_seq,WT,Lennox Broth,,,Aerobic,,37C,,,0.3,"Growth in Lennox broth to OD600 0.3; then addition of 2,2’-dipyridyl to a final concentration of 0.2 mM for 10 min",Salmonella enterica subsp. enterica serovar Typhimurium str. ST4/74,,WT,dRNA-Seq,1.0,1.0,LowFe2+_shock,,,True,True,True,Infection_conditions:LowFe2+_shock,False,True
SRX1639008,8/9/16 15:48,909946,Salmonella enterica subsp. enterica serovar Typhimurium str. ST4/74,28901,1236,909946,Salmonella enterica,SINGLE,ILLUMINA,Illumina HiSeq 2000,SRR3233317,SRP071896,PRJNA315446,315446,SRS1345458,SAMN04559928,SRA386025,RNA-Seq,cDNA,TRANSCRIPTOMIC,,GEO,0,0,2346539,GSE79314,GSM2091458,27564394.0,4559928,wild-type ST4/74,WT,NC_016857.1;NC_016858.1;NC_017675.1;NC_016859.1,18_mutants,WT_InSPI2,WT_MEP,WT,PCN,,,Aerobic,,37C,5.83,,0.3,,Salmonella enterica subsp. enterica serovar Typhimurium str. ST4/74,,WT,ChIP-Seq,2.0,1.0,WT_InSPI2_2,,,True,True,True,18_mutants:WT_InSPI2,False,True
SRX334184,12/18/13 17:31,909946,Salmonella enterica subsp. enterica serovar Typhimurium str. ST4/74,28901,1236,909946,Salmonella enterica,SINGLE,ILLUMINA,Illumina HiSeq 2000,SRR951030,SRP028811,PRJNA215033,215033,SRS469438,SAMN02316325,SRA097439,RNA-Seq,cDNA,TRANSCRIPTOMIC,,GEO,0,0,469277,GSE49829,GSM1207844,24331466.0,2316325,ST4/74,wild type,NC_016857.1;NC_016858.1;NC_017675.1;NC_016859.1,Infection_conditions,MEP,Pool_RNA_seq,WT,Lennox Broth,,,Aerobic,,37C,,Mid-log,0.3,,Salmonella enterica subsp. enterica serovar Typhimurium str. ST4/74,,WT,dRNA-Seq,1.0,2.0,MEP_tech2,,,True,True,True,Infection_conditions:MEP,True,True
SRX334199,12/18/13 17:31,909946,Salmonella enterica subsp. enterica serovar Typhimurium str. ST4/74,28901,1236,909946,Salmonella enterica,SINGLE,ILLUMINA,Illumina HiSeq 2000,SRR951045,SRP028811,PRJNA215033,215033,SRS469453,SAMN02316338,SRA097439,RNA-Seq,cDNA,TRANSCRIPTOMIC,,GEO,0,0,469292,GSE49829,GSM1207859,24331466.0,2316338,ST4/74,wild type,NC_016857.1;NC_016858.1;NC_017675.1;NC_016859.1,Infection_conditions,pH5.8_shock,Pool_RNA_seq,WT,Lennox Broth,,,Aerobic,,37C,,,0.3,"Growth in Lennox broth to OD600 0.3; then cells were harvested by centrifugation, resuspended in fresh Lennox pH5.8 and grown for additional 10 min",Salmonella enterica subsp. enterica serovar Typhimurium str. ST4/74,,WT,dRNA-Seq,1.0,1.0,pH5.8_shock,,,True,True,True,Infection_conditions:pH5.8_shock,False,True
SRX4665726,9/25/18 18:26,909946,Salmonella enterica subsp. enterica serovar Typhimurium str. ST4/74,28901,1236,909946,Salmonella enterica,SINGLE,ILLUMINA,Illumina HiSeq 2000,SRR7814156,SRP160917,PRJNA490148,490148,SRS3760723,SAMN10026101,SRA770554,RNA-Seq,cDNA,TRANSCRIPTOMIC,,GEO,0,0,6323875,GSE119724,GSM3381738,30645593.0,10026101,ST4/74,wild type,NC_016857.1;NC_016858.1;NC_017675.1;NC_016859.1,comparative_st474,st474_NaCl_shock,st474_MEP,WT,LB,,,Aerobic,,37C,,,0.3,"Growth in Lennox broth at 37ºC,220 rpm (in a water bath),to OD600 nm0.3, then addition of NaCl to a final concentration of 0.3 M for 10 min in the same incubation conditions.",Salmonella enterica subsp. enterica serovar Typhimurium str. ST4/74,,WT,Proteomics,1.0,1.0,NaCl_shock,,,True,True,True,comparative_st474:st474_NaCl_shock,False,True
SRX334188,12/18/13 17:31,909946,Salmonella enterica subsp. enterica serovar Typhimurium str. ST4/74,28901,1236,909946,Salmonella enterica,SINGLE,ILLUMINA,Illumina HiSeq 2000,SRR951034,SRP028811,PRJNA215033,215033,SRS469442,SAMN02316319,SRA097439,RNA-Seq,cDNA,TRANSCRIPTOMIC,,GEO,0,0,469281,GSE49829,GSM1207848,24331466.0,2316319,ST4/74,wild type,NC_016857.1;NC_016858.1;NC_017675.1;NC_016859.1,Infection_conditions,ESP,Pool_RNA_seq,WT,Lennox Broth,,,Aerobic,,37C,,Early-stationary,2.0,,Salmonella enterica subsp. enterica serovar Typhimurium str. ST4/74,,WT,dRNA-Seq,1.0,1.0,ESP_bio1_tech1,,,True,True,True,Infection_conditions:ESP,True,True
SRX666587,7/31/15 20:28,909946,Salmonella enterica subsp. enterica serovar Typhimurium str. ST4/74,28901,1236,909946,Salmonella enterica,SINGLE,ILLUMINA,Illumina HiSeq 2000,SRR1532983,SRP045115,PRJNA257106,257106,SRS671277,SAMN02947367,SRA177318,RNA-Seq,cDNA,TRANSCRIPTOMIC,,GEO,0,0,934819,GSE59945,GSM1462575,26561851.0,2947367,ST4/74,wild type,NC_016857.1;NC_016858.1;NC_017675.1;NC_016859.1,Macrophage,Intra_macrophage_RNA,Intra_macrophage_RNA,WT,,,,,,,,,,RAW264.7 murine macrophage,Salmonella enterica subsp. enterica serovar Typhimurium str. ST4/74,,WT,dRNA-Seq,1.0,1.0,Intra-macrophage_RNA-seq_1,,,True,True,True,Macrophage:Intra_macrophage_RNA,True,True
SRX4665731,9/25/18 18:26,909946,Salmonella enterica subsp. enterica serovar Typhimurium str. ST4/74,28901,1236,909946,Salmonella enterica,SINGLE,ILLUMINA,Illumina HiSeq 2000,SRR7814161,SRP160917,PRJNA490148,490148,SRS3760728,SAMN10026176,SRA770554,RNA-Seq,cDNA,TRANSCRIPTOMIC,,GEO,0,0,6323880,GSE119724,GSM3381743,30645593.0,10026176,ST4/74,wild type,NC_016857.1;NC_016858.1;NC_017675.1;NC_016859.1,comparative_st474,st474_NO_shock_InSPI2,st474_MEP,WT,LB,,,Aerobic,,37C,,,,,Salmonella enterica subsp. enterica serovar Typhimurium str. ST4/74,,WT,Proteomics,1.0,1.0,NO_shock_InSPI2,,,True,True,True,comparative_st474:st474_NO_shock_InSPI2,False,True
SRX4665733,9/25/18 18:26,909946,Salmonella enterica subsp. enterica serovar Typhimurium str. ST4/74,28901,1236,909946,Salmonella enterica,SINGLE,ILLUMINA,Illumina HiSeq 2000,SRR7814163,SRP160917,PRJNA490148,490148,SRS3760730,SAMN10026174,SRA770554,RNA-Seq,cDNA,TRANSCRIPTOMIC,,GEO,0,0,6323882,GSE119724,GSM3381745,30645593.0,10026174,ST4/74,wild type,NC_016857.1;NC_016858.1;NC_017675.1;NC_016859.1,comparative_st474,st474_Peroxide_shock_InSPI2,st474_MEP,WT,PCN,,,Aerobic,,37C,,,,"Growthin PCN medium (pH 5.8, 0.4 mM Pi) at 37ºC,220 rpm (in a water bath),to OD600 nm0.3, then addition of H2O2to a final concentration of 1 mM for 12 min in the same incubation conditions.",Salmonella enterica subsp. enterica serovar Typhimurium str. ST4/74,,WT,Proteomics,1.0,1.0,Peroxide_shock_InSPI2,,,True,True,True,comparative_st474:st474_Peroxide_shock_InSPI2,False,True
SRX1638993,8/9/16 15:48,909946,Salmonella enterica subsp. enterica serovar Typhimurium str. ST4/74,28901,1236,909946,Salmonella enterica,SINGLE,ILLUMINA,Illumina HiSeq 2000,SRR3233302,SRP071896,PRJNA315446,315446,SRS1345473,SAMN04559913,SRA386025,RNA-Seq,cDNA,TRANSCRIPTOMIC,,GEO,0,0,2346524,GSE79314,GSM2091443,27564394.0,4559913,ST4/74 delta-hilC,del_hilC,NC_016857.1;NC_016858.1;NC_017675.1;NC_016859.1,18_mutants,hilC_IEP,WT_MEP,del_hilC,Lennox Broth,,,Aerobic,,37C,,Intermediate-log,0.8,,Salmonella enterica subsp. enterica serovar Typhimurium str. ST4/74,,hilC,ChIP-Seq,1.0,1.0,hilC_IEP,,,True,True,True,18_mutants:hilC_IEP,False,True
SRX334207,12/18/13 17:31,909946,Salmonella enterica subsp. enterica serovar Typhimurium str. ST4/74,28901,1236,909946,Salmonella enterica,SINGLE,ILLUMINA,Illumina HiSeq 2000,SRR951053,SRP028811,PRJNA215033,215033,SRS469461,SAMN02316310,SRA097439,RNA-Seq,cDNA,TRANSCRIPTOMIC,,GEO,0,0,469300,GSE49829,GSM1207867,24331466.0,2316310,ST4/74,wild type,NC_016857.1;NC_016858.1;NC_017675.1;NC_016859.1,Infection_conditions,inSPI2_dRNA_seq,Pool_RNA_seq,WT,PCN,,,Aerobic,,37C,5.8,,0.3,0.4 mM Pi,Salmonella enterica subsp. enterica serovar Typhimurium str. ST4/74,,WT,dRNA-Seq,2.0,1.0,inSPI2_dRNA_seq,,,True,True,True,Infection_conditions:inSPI2_dRNA_seq,False,True
SRX334186,12/18/13 17:31,909946,Salmonella enterica subsp. enterica serovar Typhimurium str. ST4/74,28901,1236,909946,Salmonella enterica,SINGLE,ILLUMINA,Illumina HiSeq 2000,SRR951032,SRP028811,PRJNA215033,215033,SRS469440,SAMN02316321,SRA097439,RNA-Seq,cDNA,TRANSCRIPTOMIC,,GEO,0,0,469279,GSE49829,GSM1207846,24331466.0,2316321,ST4/74,wild type,NC_016857.1;NC_016858.1;NC_017675.1;NC_016859.1,Infection_conditions,LEP,Pool_RNA_seq,WT,Lennox Broth,,,Aerobic,,37C,,Late-log,1.0,,Salmonella enterica subsp. enterica serovar Typhimurium str. ST4/74,,WT,dRNA-Seq,1.0,1.0,LEP,,,True,True,True,Infection_conditions:LEP,False,True
SRX4665732,9/25/18 18:26,909946,Salmonella enterica subsp. enterica serovar Typhimurium str. ST4/74,28901,1236,909946,Salmonella enterica,SINGLE,ILLUMINA,Illumina HiSeq 2000,SRR7814162,SRP160917,PRJNA490148,490148,SRS3760729,SAMN10026175,SRA770554,RNA-Seq,cDNA,TRANSCRIPTOMIC,,GEO,0,0,6323881,GSE119724,GSM3381744,30645593.0,10026175,ST4/74,wild type,NC_016857.1;NC_016858.1;NC_017675.1;NC_016859.1,comparative_st474,st474_Oxygen_shock,st474_MEP,WT,LB,,,Anaerobic,,37C,,,,"Growth in Lennox broth in a completely filled and closed 50 ml Falcon tube, incubated statically at 37ºC,to OD600 nm0.3, then transfer into a baffled flask for 15 min at 37ºC,250 rpm(in a water bath).",Salmonella enterica subsp. enterica serovar Typhimurium str. ST4/74,,WT,Proteomics,1.0,1.0,Oxygen_shock,,,True,True,True,comparative_st474:st474_Oxygen_shock,False,True
SRX666588,7/31/15 20:28,909946,Salmonella enterica subsp. enterica serovar Typhimurium str. ST4/74,28901,1236,909946,Salmonella enterica,SINGLE,ILLUMINA,Illumina HiSeq 2000,SRR1532984,SRP045115,PRJNA257106,257106,SRS671278,SAMN02947368,SRA177318,RNA-Seq,cDNA,TRANSCRIPTOMIC,,GEO,0,0,934820,GSE59945,GSM1462576,26561851.0,2947368,ST4/74,wild type,NC_016857.1;NC_016858.1;NC_017675.1;NC_016859.1,Macrophage,Intra_macrophage_RNA,Intra_macrophage_RNA,WT,,,,,,,,,,RAW264.7 murine macrophage,Salmonella enterica subsp. enterica serovar Typhimurium str. ST4/74,,WT,dRNA-Seq,2.0,1.0,Intra-macrophage_RNA-seq_2,,,True,True,True,Macrophage:Intra_macrophage_RNA,True,True
SRX4665725,9/25/18 18:26,909946,Salmonella enterica subsp. enterica serovar Typhimurium str. ST4/74,28901,1236,909946,Salmonella enterica,SINGLE,ILLUMINA,Illumina HiSeq 2000,SRR7814155,SRP160917,PRJNA490148,490148,SRS3760722,SAMN10026102,SRA770554,RNA-Seq,cDNA,TRANSCRIPTOMIC,,GEO,0,0,6323874,GSE119724,GSM3381737,30645593.0,10026102,ST4/74,wild type,NC_016857.1;NC_016858.1;NC_017675.1;NC_016859.1,comparative_st474,st474_MEP,st474_MEP,WT,LB,,,Aerobic,,37C,,Mid-log,0.3,,Salmonella enterica subsp. enterica serovar Typhimurium str. ST4/74,,WT,Proteomics,1.0,1.0,MEP,,,True,True,True,comparative_st474:st474_MEP,False,True
SRX1639000,8/9/16 15:48,909946,Salmonella enterica subsp. enterica serovar Typhimurium str. ST4/74,28901,1236,909946,Salmonella enterica,SINGLE,ILLUMINA,Illumina HiSeq 2000,SRR3233309,SRP071896,PRJNA315446,315446,SRS1345466,SAMN04559920,SRA386025,RNA-Seq,cDNA,TRANSCRIPTOMIC,,GEO,0,0,2346531,GSE79314,GSM2091450,27564394.0,4559920,ST4/74 delta-barA/sirA,del_barA/sirA,NC_016857.1;NC_016858.1;NC_017675.1;NC_016859.1,18_mutants,fliZ_ESP,WT_MEP,del_barA/sirA,Lennox Broth,,,Aerobic,,37C,,Early-stationary,2.0,,Salmonella enterica subsp. enterica serovar Typhimurium str. ST4/74,,barA/sirA,ChIP-Seq,1.0,1.0,fliZ_ESP,,,True,True,True,18_mutants:fliZ_ESP,False,True
SRX1639009,8/9/16 15:48,909946,Salmonella enterica subsp. enterica serovar Typhimurium str. ST4/74,28901,1236,909946,Salmonella enterica,SINGLE,ILLUMINA,Illumina HiSeq 2000,SRR3233318,SRP071896,PRJNA315446,315446,SRS1345457,SAMN04559929,SRA386025,RNA-Seq,cDNA,TRANSCRIPTOMIC,,GEO,0,0,2346540,GSE79314,GSM2091459,27564394.0,4559929,ST4/74 delta-hilD,del_hilD,NC_016857.1;NC_016858.1;NC_017675.1;NC_016859.1,18_mutants,hilD_InSPI2,WT_MEP,del_hilD,PCN,,,Aerobic,,37C,5.83,,0.3,,Salmonella enterica subsp. enterica serovar Typhimurium str. ST4/74,,hilD,ChIP-Seq,1.0,1.0,hilD_InSPI2,,,True,True,True,18_mutants:hilD_InSPI2,False,True
SRX4665713,9/25/18 18:26,909946,Salmonella enterica subsp. enterica serovar Typhimurium str. ST4/74,28901,1236,909946,Salmonella enterica,SINGLE,ILLUMINA,NextSeq 500,SRR7814143,SRP160917,PRJNA490148,490148,SRS3760710,SAMN10026120,SRA770554,RNA-Seq,cDNA,TRANSCRIPTOMIC,,GEO,0,0,6323862,GSE119724,GSM3381725,30645593.0,10026120,ST4/74,wild type,NC_016857.1;NC_016858.1;NC_017675.1;NC_016859.1,comparative_st474,st474_ESP,st474_MEP,WT,LB,,,Aerobic,,37C,,Early-stationary,2.0,,Salmonella enterica subsp. enterica serovar Typhimurium str. ST4/74,,WT,Proteomics,4.0,1.0,ESP-4,,,True,True,True,comparative_st474:st474_ESP,True,True
SRX4665711,9/25/18 18:26,909946,Salmonella enterica subsp. enterica serovar Typhimurium str. ST4/74,28901,1236,909946,Salmonella enterica,SINGLE,ILLUMINA,NextSeq 500,SRR7814141,SRP160917,PRJNA490148,490148,SRS3760709,SAMN10026124,SRA770554,RNA-Seq,cDNA,TRANSCRIPTOMIC,,GEO,0,0,6323860,GSE119724,GSM3381723,30645593.0,10026124,ST4/74,wild type,NC_016857.1;NC_016858.1;NC_017675.1;NC_016859.1,comparative_st474,st474_ESP,st474_MEP,WT,LB,,,Aerobic,,37C,,Early-stationary,2.0,,Salmonella enterica subsp. enterica serovar Typhimurium str. ST4/74,,WT,Proteomics,2.0,1.0,ESP-2,,,True,True,True,comparative_st474:st474_ESP,True,True
SRX334196,12/18/13 17:31,909946,Salmonella enterica subsp. enterica serovar Typhimurium str. ST4/74,28901,1236,909946,Salmonella enterica,SINGLE,ILLUMINA,Illumina HiSeq 2000,SRR951042,SRP028811,PRJNA215033,215033,SRS469450,SAMN02316326,SRA097439,RNA-Seq,cDNA,TRANSCRIPTOMIC,,GEO,0,0,469289,GSE49829,GSM1207856,24331466.0,2316326,ST4/74,wild type,NC_016857.1;NC_016858.1;NC_017675.1;NC_016859.1,Infection_conditions,Temp20,Pool_RNA_seq,WT,Lennox Broth,,,Aerobic,,25C,,,0.3,"Growth in Lennox broth to OD600 0.3 at 25°C, then transfer for 20 min to 37°C",Salmonella enterica subsp. enterica serovar Typhimurium str. ST4/74,,WT,dRNA-Seq,1.0,1.0,Temp20,,,True,True,True,Infection_conditions:Temp20,False,True
SRX4665728,9/25/18 18:26,909946,Salmonella enterica subsp. enterica serovar Typhimurium str. ST4/74,28901,1236,909946,Salmonella enterica,SINGLE,ILLUMINA,NextSeq 500,SRR7814158,SRP160917,PRJNA490148,490148,SRS3760725,SAMN10026100,SRA770554,RNA-Seq,cDNA,TRANSCRIPTOMIC,,GEO,0,0,6323877,GSE119724,GSM3381740,30645593.0,10026100,ST4/74,wild type,NC_016857.1;NC_016858.1;NC_017675.1;NC_016859.1,comparative_st474,st474_NonSPI2,st474_MEP,WT,PCN,,,Aerobic,,37C,7.4,,0.3,"Growth in PCN medium (pH 7.4, 25 mM Pi) at 37ºC,220 rpm (in a water bath),to OD600 nm0.3.",Salmonella enterica subsp. enterica serovar Typhimurium str. ST4/74,,WT,Proteomics,2.0,1.0,NonSPI2-3,,,True,True,True,comparative_st474:st474_NonSPI2,True,True
SRX4665709,9/25/18 18:26,909946,Salmonella enterica subsp. enterica serovar Typhimurium str. ST4/74,28901,1236,909946,Salmonella enterica,SINGLE,ILLUMINA,Illumina HiSeq 2000,SRR7814139,SRP160917,PRJNA490148,490148,SRS3760705,SAMN10026127,SRA770554,RNA-Seq,cDNA,TRANSCRIPTOMIC,,GEO,0,0,6323858,GSE119724,GSM3381721,30645593.0,10026127,ST4/74,wild type,NC_016857.1;NC_016858.1;NC_017675.1;NC_016859.1,comparative_st474,st474_Bile_shock,st474_MEP,WT,LB,,,Aerobic,,37C,,,0.3,"Growthin Lennox broth at 37ºC,220 rpm (in a water bath),to OD600 nm0.3, then addition of bileto a final concentration of 3% for 10 min in the same incubation conditions.",Salmonella enterica subsp. enterica serovar Typhimurium str. ST4/74,,WT,Proteomics,1.0,1.0,Bile_shock,,,True,True,True,comparative_st474:st474_Bile_shock,False,True
SRX334194,12/18/13 17:31,909946,Salmonella enterica subsp. enterica serovar Typhimurium str. ST4/74,28901,1236,909946,Salmonella enterica,SINGLE,ILLUMINA,Illumina HiSeq 2000,SRR951040,SRP028811,PRJNA215033,215033,SRS469448,SAMN02316323,SRA097439,RNA-Seq,cDNA,TRANSCRIPTOMIC,,GEO,0,0,469287,GSE49829,GSM1207854,24331466.0,2316323,ST4/74,wild type,NC_016857.1;NC_016858.1;NC_017675.1;NC_016859.1,Infection_conditions,25C,Pool_RNA_seq,WT,Lennox Broth,,,Aerobic,,25C,,,0.3,,Salmonella enterica subsp. enterica serovar Typhimurium str. ST4/74,,WT,dRNA-Seq,1.0,1.0,25C,,,True,True,True,Infection_conditions:25C,False,True
SRX334212,12/18/13 17:31,909946,Salmonella enterica subsp. enterica serovar Typhimurium str. ST4/74,28901,1236,909946,Salmonella enterica,SINGLE,ILLUMINA,Illumina HiSeq 2000,SRR951058,SRP028811,PRJNA215033,215033,SRS469466,SAMN02316311,SRA097439,RNA-Seq,cDNA,TRANSCRIPTOMIC,,GEO,0,0,469305,GSE49829,GSM1207872,24331466.0,2316311,ST4/74,wild type,NC_016857.1;NC_016858.1;NC_017675.1;NC_016859.1,Infection_conditions,Nitric_oxide_shock_InSPI2,Pool_RNA_seq,WT,PCN,,,Aerobic,,37C,5.8,,0.3,"Growth in PCN medium to OD600 0.3 (pH 5.8, 0.4 mM Pi): then addition of 250 µM Spermine NONOate for 20 min",Salmonella enterica subsp. enterica serovar Typhimurium str. ST4/74,,WT,dRNA-Seq,1.0,1.0,Nitric_oxide_shock_InSPI2,,,True,True,True,Infection_conditions:Nitric_oxide_shock_InSPI2,False,True
SRX1639012,8/9/16 15:48,909946,Salmonella enterica subsp. enterica serovar Typhimurium str. ST4/74,28901,1236,909946,Salmonella enterica,SINGLE,ILLUMINA,Illumina HiSeq 2000,SRR3233321,SRP071896,PRJNA315446,315446,SRS1345454,SAMN04559932,SRA386025,RNA-Seq,cDNA,TRANSCRIPTOMIC,,GEO,0,0,2346543,GSE79314,GSM2091462,27564394.0,4559932,ST4/74 delta-phoP/Q,del_phoP/Q,NC_016857.1;NC_016858.1;NC_017675.1;NC_016859.1,18_mutants,phoP/Q_InSPI2,WT_MEP,del_phoP/Q,PCN,,,Aerobic,,37C,5.83,,0.3,,Salmonella enterica subsp. enterica serovar Typhimurium str. ST4/74,,phoP/Q,ChIP-Seq,1.0,1.0,phoP/Q_InSPI2,,,True,True,True,18_mutants:phoP/Q_InSPI2,False,True
SRX4665727,9/25/18 18:26,909946,Salmonella enterica subsp. enterica serovar Typhimurium str. ST4/74,28901,1236,909946,Salmonella enterica,SINGLE,ILLUMINA,NextSeq 500,SRR7814157,SRP160917,PRJNA490148,490148,SRS3760724,SAMN10026107,SRA770554,RNA-Seq,cDNA,TRANSCRIPTOMIC,,GEO,0,0,6323876,GSE119724,GSM3381739,30645593.0,10026107,ST4/74,wild type,NC_016857.1;NC_016858.1;NC_017675.1;NC_016859.1,comparative_st474,st474_NonSPI2,st474_MEP,WT,PCN,,,Aerobic,,37C,7.4,,0.3,"Growth in PCN medium (pH 7.4, 25 mM Pi) at 37ºC,220 rpm (in a water bath),to OD600 nm0.3.",Salmonella enterica subsp. enterica serovar Typhimurium str. ST4/74,,WT,Proteomics,1.0,1.0,NonSPI2-2,,,True,True,True,comparative_st474:st474_NonSPI2,True,True
SRX334190,12/18/13 17:31,909946,Salmonella enterica subsp. enterica serovar Typhimurium str. ST4/74,28901,1236,909946,Salmonella enterica,SINGLE,ILLUMINA,Illumina HiSeq 2000,SRR951036,SRP028811,PRJNA215033,215033,SRS469444,SAMN02316333,SRA097439,RNA-Seq,cDNA,TRANSCRIPTOMIC,,GEO,0,0,469283,GSE49829,GSM1207850,24331466.0,2316333,ST4/74,wild type,NC_016857.1;NC_016858.1;NC_017675.1;NC_016859.1,Infection_conditions,ESP,Pool_RNA_seq,WT,Lennox Broth,,,Aerobic,,37C,,Early-stationary,2.0,,Salmonella enterica subsp. enterica serovar Typhimurium str. ST4/74,,WT,dRNA-Seq,2.0,1.0,ESP_bio2_tech1,,,True,True,True,Infection_conditions:ESP,True,True
SRX4665706,9/25/18 18:26,909946,Salmonella enterica subsp. enterica serovar Typhimurium str. ST4/74,28901,1236,909946,Salmonella enterica,SINGLE,ILLUMINA,NextSeq 500,SRR7814136,SRP160917,PRJNA490148,490148,SRS3760703,SAMN10026131,SRA770554,RNA-Seq,cDNA,TRANSCRIPTOMIC,,GEO,0,0,6323855,GSE119724,GSM3381718,30645593.0,10026131,ST4/74,wild type,NC_016857.1;NC_016858.1;NC_017675.1;NC_016859.1,comparative_st474,st474_Anaerobic_growth,st474_MEP,WT,LB,,,Anaerobic,,37C,,,0.3,"Growthin Lennox broth in a completely filled and closed 50 ml Falcon tube, incubated statically at 37ºC,to OD600 nm0.3.",Salmonella enterica subsp. enterica serovar Typhimurium str. ST4/74,,WT,Proteomics,3.0,1.0,Anaerobic_growth-4,,,True,True,True,comparative_st474:st474_Anaerobic_growth,True,True
SRX334181,12/18/13 17:31,909946,Salmonella enterica subsp. enterica serovar Typhimurium str. ST4/74,28901,1236,909946,Salmonella enterica,SINGLE,ILLUMINA,Illumina HiSeq 2000,SRR951027,SRP028811,PRJNA215033,215033,SRS469435,SAMN02316315,SRA097439,RNA-Seq,cDNA,TRANSCRIPTOMIC,,GEO,0,0,469274,GSE49829,GSM1207841,24331466.0,2316315,ST4/74,wild type,NC_016857.1;NC_016858.1;NC_017675.1;NC_016859.1,Infection_conditions,EEP,Pool_RNA_seq,WT,Lennox Broth,,,Aerobic,,37C,,Early-log,0.1,,Salmonella enterica subsp. enterica serovar Typhimurium str. ST4/74,,WT,dRNA-Seq,1.0,1.0,EEP,,,True,True,True,Infection_conditions:EEP,False,True
SRX334189,12/18/13 17:31,909946,Salmonella enterica subsp. enterica serovar Typhimurium str. ST4/74,28901,1236,909946,Salmonella enterica,SINGLE,ILLUMINA,Illumina HiSeq 2000,SRR951035,SRP028811,PRJNA215033,215033,SRS469443,SAMN02316322,SRA097439,RNA-Seq,cDNA,TRANSCRIPTOMIC,,GEO,0,0,469282,GSE49829,GSM1207849,24331466.0,2316322,ST4/74,wild type,NC_016857.1;NC_016858.1;NC_017675.1;NC_016859.1,Infection_conditions,ESP,Pool_RNA_seq,WT,Lennox Broth,,,Aerobic,,37C,,Early-stationary,2.0,,Salmonella enterica subsp. enterica serovar Typhimurium str. ST4/74,,WT,dRNA-Seq,1.0,2.0,ESP_bio1_tech2,,,True,True,True,Infection_conditions:ESP,True,True
SRX334204,12/18/13 17:31,909946,Salmonella enterica subsp. enterica serovar Typhimurium str. ST4/74,28901,1236,909946,Salmonella enterica,SINGLE,ILLUMINA,Illumina HiSeq 2000,SRR951050,SRP028811,PRJNA215033,215033,SRS469458,SAMN02316339,SRA097439,RNA-Seq,cDNA,TRANSCRIPTOMIC,,GEO,0,0,469297,GSE49829,GSM1207864,24331466.0,2316339,ST4/74,wild type,NC_016857.1;NC_016858.1;NC_017675.1;NC_016859.1,Infection_conditions,Anaerobic_growth,Pool_RNA_seq,WT,Lennox Broth,,,Anaerobic,,37C,,,0.3,Static growth in Lennox broth to OD600 0.3 in a completely filled and closed 50 ml Falcon tube,Salmonella enterica subsp. enterica serovar Typhimurium str. ST4/74,,WT,dRNA-Seq,1.0,1.0,Anaerobic_growth,,,True,True,True,Infection_conditions:Anaerobic_growth,False,True
SRX4665722,9/25/18 18:26,909946,Salmonella enterica subsp. enterica serovar Typhimurium str. ST4/74,28901,1236,909946,Salmonella enterica,SINGLE,ILLUMINA,Illumina HiSeq 2000,SRR7814152,SRP160917,PRJNA490148,490148,SRS3760719,SAMN10026105,SRA770554,RNA-Seq,cDNA,TRANSCRIPTOMIC,,GEO,0,0,6323871,GSE119724,GSM3381734,30645593.0,10026105,ST4/74,wild type,NC_016857.1;NC_016858.1;NC_017675.1;NC_016859.1,comparative_st474,st474_Macrophage,st474_MEP,WT,DMEM,,,Aerobic,5% fetal bovine serum & L-glutamine (2 mM final concentration) and MEM non-essential amino acids without antibiotics,37C,,,,Bacteria from the intra-macrophage (RAW264.7) environment were recovered after 8 h post-infection,Salmonella enterica subsp. enterica serovar Typhimurium str. ST4/74,,WT,Proteomics,1.0,1.0,Macrophage-1,,,True,True,True,comparative_st474:st474_Macrophage,True,True
SRX4665708,9/25/18 18:26,909946,Salmonella enterica subsp. enterica serovar Typhimurium str. ST4/74,28901,1236,909946,Salmonella enterica,SINGLE,ILLUMINA,Illumina HiSeq 2000,SRR7814138,SRP160917,PRJNA490148,490148,SRS3760706,SAMN10026128,SRA770554,RNA-Seq,cDNA,TRANSCRIPTOMIC,,GEO,0,0,6323857,GSE119724,GSM3381720,30645593.0,10026128,ST4/74,wild type,NC_016857.1;NC_016858.1;NC_017675.1;NC_016859.1,comparative_st474,st474_Anaerobic_shock,st474_MEP,WT,LB,,,Aerobic,,37C,,,0.3,"Growthin Lennox broth at 37ºC,220 rpm (in a water bath),to OD600 nm0.3, then transfer of 15 ml into a 15 ml Falcon tube and incubated statically at 37ºC for 30 min.",Salmonella enterica subsp. enterica serovar Typhimurium str. ST4/74,,WT,Proteomics,1.0,1.0,Anaerobic_shock,,,True,True,True,comparative_st474:st474_Anaerobic_shock,False,True
SRX334200,12/18/13 17:31,909946,Salmonella enterica subsp. enterica serovar Typhimurium str. ST4/74,28901,1236,909946,Salmonella enterica,SINGLE,ILLUMINA,Illumina HiSeq 2000,SRR951046,SRP028811,PRJNA215033,215033,SRS469454,SAMN02316332,SRA097439,RNA-Seq,cDNA,TRANSCRIPTOMIC,,GEO,0,0,469293,GSE49829,GSM1207860,24331466.0,2316332,ST4/74,wild type,NC_016857.1;NC_016858.1;NC_017675.1;NC_016859.1,Infection_conditions,NaCl_shock,Pool_RNA_seq,WT,Lennox Broth,,,Aerobic,,37C,,,0.3,Growth in Lennox broth to OD600 0.3; then addition of NaCl to a final concentration of 0.3 M for 10 min,Salmonella enterica subsp. enterica serovar Typhimurium str. ST4/74,,WT,dRNA-Seq,1.0,1.0,NaCl_shock,,,True,True,True,Infection_conditions:NaCl_shock,False,True
SRX1639015,8/9/16 15:48,909946,Salmonella enterica subsp. enterica serovar Typhimurium str. ST4/74,28901,1236,909946,Salmonella enterica,SINGLE,ILLUMINA,Illumina HiSeq 2000,SRR3233324,SRP071896,PRJNA315446,315446,SRS1345451,SAMN04559935,SRA386025,RNA-Seq,cDNA,TRANSCRIPTOMIC,,GEO,0,0,2346546,GSE79314,GSM2091465,27564394.0,4559935,ST4/74 delta-ssrB,del_ssrB,NC_016857.1;NC_016858.1;NC_017675.1;NC_016859.1,18_mutants,ssrB_InSPI2,WT_MEP,del_ssrB,PCN,,,Aerobic,,37C,5.83,,0.3,,Salmonella enterica subsp. enterica serovar Typhimurium str. ST4/74,,ssrB,ChIP-Seq,1.0,1.0,ssrB_InSPI2,,,True,True,True,18_mutants:ssrB_InSPI2,False,True
SRX666589,7/31/15 20:28,909946,Salmonella enterica subsp. enterica serovar Typhimurium str. ST4/74,28901,1236,909946,Salmonella enterica,SINGLE,ILLUMINA,Illumina HiSeq 2000,SRR1532985,SRP045115,PRJNA257106,257106,SRS671279,SAMN02947369,SRA177318,RNA-Seq,cDNA,TRANSCRIPTOMIC,,GEO,0,0,934821,GSE59945,GSM1462577,26561851.0,2947369,ST4/74,wild type,NC_016857.1;NC_016858.1;NC_017675.1;NC_016859.1,Macrophage,Intra_macrophage_dRNA,Intra_macrophage_RNA,WT,,,,,,,,,,RAW264.7 murine macrophage,Salmonella enterica subsp. enterica serovar Typhimurium str. ST4/74,,WT,dRNA-Seq,1.0,1.0,Intra-macrophage_dRNA-seq_1,,,True,True,True,Macrophage:Intra_macrophage_dRNA,True,True
SRX1639001,8/9/16 15:48,909946,Salmonella enterica subsp. enterica serovar Typhimurium str. ST4/74,28901,1236,909946,Salmonella enterica,SINGLE,ILLUMINA,Illumina HiSeq 2000,SRR3233310,SRP071896,PRJNA315446,315446,SRS1345465,SAMN04559921,SRA386025,RNA-Seq,cDNA,TRANSCRIPTOMIC,,GEO,0,0,2346532,GSE79314,GSM2091451,27564394.0,4559921,ST4/74 delta-fliZ,del_filZ,NC_016857.1;NC_016858.1;NC_017675.1;NC_016859.1,18_mutants,fur_ESP,WT_MEP,del_filZ,Lennox Broth,,,Aerobic,,37C,,Early-stationary,2.0,,Salmonella enterica subsp. enterica serovar Typhimurium str. ST4/74,,filZ,ChIP-Seq,1.0,1.0,fur_ESP,,,True,True,True,18_mutants:fur_ESP,False,True
SRX4665715,9/25/18 18:26,909946,Salmonella enterica subsp. enterica serovar Typhimurium str. ST4/74,28901,1236,909946,Salmonella enterica,SINGLE,ILLUMINA,NextSeq 500,SRR7814145,SRP160917,PRJNA490148,490148,SRS3760711,SAMN10026116,SRA770554,RNA-Seq,cDNA,TRANSCRIPTOMIC,,GEO,0,0,6323864,GSE119724,GSM3381727,30645593.0,10026116,ST4/74,wild type,NC_016857.1;NC_016858.1;NC_017675.1;NC_016859.1,comparative_st474,st474_InSPI2,st474_MEP,WT,PCN,,,Aerobic,,37C,5.8,,0.3,"Growth in PCN medium (pH 5.8, 0.4 mM Pi) at 37ºC,220 rpm (in a water bath),to OD600 nm0.3.",Salmonella enterica subsp. enterica serovar Typhimurium str. ST4/74,,WT,Proteomics,1.0,1.0,InSPI2-2,,,True,True,True,comparative_st474:st474_InSPI2,True,True
SRX1638989,8/9/16 15:48,909946,Salmonella enterica subsp. enterica serovar Typhimurium str. ST4/74,28901,1236,909946,Salmonella enterica,SINGLE,ILLUMINA,Illumina HiSeq 2000,SRR3233298,SRP071896,PRJNA315446,315446,SRS1345477,SAMN04559909,SRA386025,RNA-Seq,cDNA,TRANSCRIPTOMIC,,GEO,0,0,2346520,GSE79314,GSM2091439,27564394.0,4559909,wild-type ST4/74,WT,NC_016857.1;NC_016858.1;NC_017675.1;NC_016859.1,18_mutants,WT_MEP,WT_MEP,WT,Lennox Broth,,,Aerobic,,37C,,Mid-log,0.3,,Salmonella enterica subsp. enterica serovar Typhimurium str. ST4/74,,WT,ChIP-Seq,1.0,1.0,WT_MEP,,,True,True,True,18_mutants:WT_MEP,False,True
SRX334214,12/18/13 17:31,909946,Salmonella enterica subsp. enterica serovar Typhimurium str. ST4/74,28901,1236,909946,Salmonella enterica,SINGLE,ILLUMINA,Illumina HiSeq 2000,SRR951060,SRP028811,PRJNA215033,215033,SRS469468,SAMN02316313,SRA097439,RNA-Seq,cDNA,TRANSCRIPTOMIC,,GEO,0,0,469307,GSE49829,GSM1207874,24331466.0,2316313,ST4/74,wild type,NC_016857.1;NC_016858.1;NC_017675.1;NC_016859.1,Infection_conditions,Pool_RNA_seq,Pool_RNA_seq,WT,PCN,,,Aerobic,,37C,,,,All 22 conditions pooled,Salmonella enterica subsp. enterica serovar Typhimurium str. ST4/74,,WT,dRNA-Seq,1.0,1.0,Pool_RNA_seq,,,True,True,True,Infection_conditions:Pool_RNA_seq,False,True
SRX4665718,9/25/18 18:26,909946,Salmonella enterica subsp. enterica serovar Typhimurium str. ST4/74,28901,1236,909946,Salmonella enterica,SINGLE,ILLUMINA,Illumina HiSeq 2000,SRR7814148,SRP160917,PRJNA490148,490148,SRS3760732,SAMN10026112,SRA770554,RNA-Seq,cDNA,TRANSCRIPTOMIC,,GEO,0,0,6323867,GSE119724,GSM3381730,30645593.0,10026112,ST4/74,wild type,NC_016857.1;NC_016858.1;NC_017675.1;NC_016859.1,comparative_st474,st474_InSPI2,st474_MEP,WT,PCN,,,Aerobic,,37C,5.8,,0.3,"Growth in PCN medium (pH 5.8, 0.4 mM Pi) at 37ºC,220 rpm (in a water bath),to OD600 nm0.3.",Salmonella enterica subsp. enterica serovar Typhimurium str. ST4/74,,WT,Proteomics,1.0,1.0,InSPI2,,,True,True,True,comparative_st474:st474_InSPI2,True,True
SRX4665705,9/25/18 18:26,909946,Salmonella enterica subsp. enterica serovar Typhimurium str. ST4/74,28901,1236,909946,Salmonella enterica,SINGLE,ILLUMINA,NextSeq 500,SRR7814135,SRP160917,PRJNA490148,490148,SRS3760702,SAMN10026133,SRA770554,RNA-Seq,cDNA,TRANSCRIPTOMIC,,GEO,0,0,6323854,GSE119724,GSM3381717,30645593.0,10026133,ST4/74,wild type,NC_016857.1;NC_016858.1;NC_017675.1;NC_016859.1,comparative_st474,st474_Anaerobic_growth,st474_MEP,WT,LB,,,Anaerobic,,37C,,,0.3,"Growthin Lennox broth in a completely filled and closed 50 ml Falcon tube, incubated statically at 37ºC,to OD600 nm0.3.",Salmonella enterica subsp. enterica serovar Typhimurium str. ST4/74,,WT,Proteomics,2.0,1.0,Anaerobic_growth-3,,,True,True,True,comparative_st474:st474_Anaerobic_growth,True,True
SRX4665704,9/25/18 18:26,909946,Salmonella enterica subsp. enterica serovar Typhimurium str. ST4/74,28901,1236,909946,Salmonella enterica,SINGLE,ILLUMINA,NextSeq 500,SRR7814134,SRP160917,PRJNA490148,490148,SRS3760701,SAMN10026135,SRA770554,RNA-Seq,cDNA,TRANSCRIPTOMIC,,GEO,0,0,6323853,GSE119724,GSM3381716,30645593.0,10026135,ST4/74,wild type,NC_016857.1;NC_016858.1;NC_017675.1;NC_016859.1,comparative_st474,st474_Anaerobic_growth,st474_MEP,WT,LB,,,Anaerobic,,37C,,,0.3,"Growthin Lennox broth in a completely filled and closed 50 ml Falcon tube, incubated statically at 37ºC,to OD600 nm0.3.",Salmonella enterica subsp. enterica serovar Typhimurium str. ST4/74,,WT,Proteomics,1.0,1.0,Anaerobic_growth-2,,,True,True,True,comparative_st474:st474_Anaerobic_growth,True,True
SRX4665714,9/25/18 18:26,909946,Salmonella enterica subsp. enterica serovar Typhimurium str. ST4/74,28901,1236,909946,Salmonella enterica,SINGLE,ILLUMINA,Illumina HiSeq 2000,SRR7814144,SRP160917,PRJNA490148,490148,SRS3760712,SAMN10026118,SRA770554,RNA-Seq,cDNA,TRANSCRIPTOMIC,,GEO,0,0,6323863,GSE119724,GSM3381726,30645593.0,10026118,ST4/74,wild type,NC_016857.1;NC_016858.1;NC_017675.1;NC_016859.1,comparative_st474,st474_ESP,st474_MEP,WT,LB,,,Aerobic,,37C,,Early-stationary,2.0,,Salmonella enterica subsp. enterica serovar Typhimurium str. ST4/74,,WT,Proteomics,1.0,1.0,ESP,,,True,True,True,comparative_st474:st474_ESP,True,True
SRX4665723,9/25/18 18:26,909946,Salmonella enterica subsp. enterica serovar Typhimurium str. ST4/74,28901,1236,909946,Salmonella enterica,SINGLE,ILLUMINA,Illumina HiSeq 2000,SRR7814153,SRP160917,PRJNA490148,490148,SRS3760720,SAMN10026104,SRA770554,RNA-Seq,cDNA,TRANSCRIPTOMIC,,GEO,0,0,6323872,GSE119724,GSM3381735,30645593.0,10026104,ST4/74,wild type,NC_016857.1;NC_016858.1;NC_017675.1;NC_016859.1,comparative_st474,st474_Macrophage,st474_MEP,WT,DMEM,,,Aerobic,5% fetal bovine serum & L-glutamine (2 mM final concentration) and MEM non-essential amino acids without antibiotics,37C,,,,Bacteria from the intra-macrophage (RAW264.7) environment were recovered after 8 h post-infection,Salmonella enterica subsp. enterica serovar Typhimurium str. ST4/74,,WT,Proteomics,2.0,1.0,Macrophage-2,,,True,True,True,comparative_st474:st474_Macrophage,True,True
SRX334197,12/18/13 17:31,909946,Salmonella enterica subsp. enterica serovar Typhimurium str. ST4/74,28901,1236,909946,Salmonella enterica,SINGLE,ILLUMINA,Illumina HiSeq 2000,SRR951043,SRP028811,PRJNA215033,215033,SRS469451,SAMN02316335,SRA097439,RNA-Seq,cDNA,TRANSCRIPTOMIC,,GEO,0,0,469290,GSE49829,GSM1207857,24331466.0,2316335,ST4/74,wild type,NC_016857.1;NC_016858.1;NC_017675.1;NC_016859.1,Infection_conditions,Cold_shock_15C,Pool_RNA_seq,WT,Lennox Broth,,,Aerobic,,37C,,,0.3,"Growth in Lennox broth to OD600 0.3, then transfer for 10 min from 37°C to 15°C",Salmonella enterica subsp. enterica serovar Typhimurium str. ST4/74,,WT,dRNA-Seq,1.0,1.0,Cold_shock_(15C),,,True,True,True,Infection_conditions:Cold_shock_15C,False,True
SRX1638992,8/9/16 15:48,909946,Salmonella enterica subsp. enterica serovar Typhimurium str. ST4/74,28901,1236,909946,Salmonella enterica,SINGLE,ILLUMINA,Illumina HiSeq 2000,SRR3233301,SRP071896,PRJNA315446,315446,SRS1345474,SAMN04559912,SRA386025,RNA-Seq,cDNA,TRANSCRIPTOMIC,,GEO,0,0,2346523,GSE79314,GSM2091442,27564394.0,4559912,ST4/74 delta-hilD,del_hilD,NC_016857.1;NC_016858.1;NC_017675.1;NC_016859.1,18_mutants,hilD_IEP,WT_MEP,del_hilD,Lennox Broth,,,Aerobic,,37C,,Intermediate-log,0.8,,Salmonella enterica subsp. enterica serovar Typhimurium str. ST4/74,,hilD,ChIP-Seq,1.0,1.0,hilD_IEP,,,True,True,True,18_mutants:hilD_IEP,False,True
SRX4665703,9/25/18 18:26,909946,Salmonella enterica subsp. enterica serovar Typhimurium str. ST4/74,28901,1236,909946,Salmonella enterica,SINGLE,ILLUMINA,Illumina HiSeq 2000,SRR7814133,SRP160917,PRJNA490148,490148,SRS3760700,SAMN10026136,SRA770554,RNA-Seq,cDNA,TRANSCRIPTOMIC,,GEO,0,0,6323852,GSE119724,GSM3381715,30645593.0,10026136,ST4/74,wild type,NC_016857.1;NC_016858.1;NC_017675.1;NC_016859.1,comparative_st474,st474_25C,st474_MEP,WT,LB,,,Aerobic,,25C,,,0.3,"Growth in Lennox broth at 25ºC,220 rpm(in a water bath),to OD600 nm0.3",Salmonella enterica subsp. enterica serovar Typhimurium str. ST4/74,,WT,Proteomics,1.0,1.0,25C,,,True,True,True,comparative_st474:st474_25C,False,True
SRX334213,12/18/13 17:31,909946,Salmonella enterica subsp. enterica serovar Typhimurium str. ST4/74,28901,1236,909946,Salmonella enterica,SINGLE,ILLUMINA,Illumina HiSeq 2000,SRR951059,SRP028811,PRJNA215033,215033,SRS469467,SAMN02316314,SRA097439,RNA-Seq,cDNA,TRANSCRIPTOMIC,,GEO,0,0,469306,GSE49829,GSM1207873,24331466.0,2316314,ST4/74,wild type,NC_016857.1;NC_016858.1;NC_017675.1;NC_016859.1,Infection_conditions,Pool_dRNA_seq,Pool_RNA_seq,WT,PCN,,,Aerobic,,37C,,,,All 22 conditions pooled,Salmonella enterica subsp. enterica serovar Typhimurium str. ST4/74,,WT,dRNA-Seq,1.0,1.0,Pool_dRNA_seq,,,True,True,True,Infection_conditions:Pool_dRNA_seq,False,True
SRX1638995,8/9/16 15:48,909946,Salmonella enterica subsp. enterica serovar Typhimurium str. ST4/74,28901,1236,909946,Salmonella enterica,SINGLE,ILLUMINA,Illumina HiSeq 2000,SRR3233304,SRP071896,PRJNA315446,315446,SRS1345471,SAMN04559915,SRA386025,RNA-Seq,cDNA,TRANSCRIPTOMIC,,GEO,0,0,2346526,GSE79314,GSM2091445,27564394.0,4559915,ST4/74 delta-hilE,del_hilE,NC_016857.1;NC_016858.1;NC_017675.1;NC_016859.1,18_mutants,hilE_IEP,WT_MEP,del_hilE,Lennox Broth,,,Aerobic,,37C,,Intermediate-log,0.8,,Salmonella enterica subsp. enterica serovar Typhimurium str. ST4/74,,hilE,ChIP-Seq,1.0,1.0,hilE_IEP,,,True,True,True,18_mutants:hilE_IEP,False,True
SRX334210,12/18/13 17:31,909946,Salmonella enterica subsp. enterica serovar Typhimurium str. ST4/74,28901,1236,909946,Salmonella enterica,SINGLE,ILLUMINA,Illumina HiSeq 2000,SRR951056,SRP028811,PRJNA215033,215033,SRS469464,SAMN02316308,SRA097439,RNA-Seq,cDNA,TRANSCRIPTOMIC,,GEO,0,0,469303,GSE49829,GSM1207870,24331466.0,2316308,ST4/74,wild type,NC_016857.1;NC_016858.1;NC_017675.1;NC_016859.1,Infection_conditions,InSPI2_LowMg2+,Pool_RNA_seq,WT,PCN,,,Aerobic,,37C,5.8,,0.3,"Growth in PCN medium with 10 µM MgCl2 to OD600 0.3 (pH 5.8, 0.4 mM Pi)",Salmonella enterica subsp. enterica serovar Typhimurium str. ST4/74,,WT,dRNA-Seq,1.0,1.0,InSPI2_LowMg2+,,,True,True,True,Infection_conditions:InSPI2_LowMg2+,False,True
SRX1639011,8/9/16 15:48,909946,Salmonella enterica subsp. enterica serovar Typhimurium str. ST4/74,28901,1236,909946,Salmonella enterica,SINGLE,ILLUMINA,Illumina HiSeq 2000,SRR3233320,SRP071896,PRJNA315446,315446,SRS1345455,SAMN04559931,SRA386025,RNA-Seq,cDNA,TRANSCRIPTOMIC,,GEO,0,0,2346542,GSE79314,GSM2091461,27564394.0,4559931,ST4/74 delta-slyA,del_slyA,NC_016857.1;NC_016858.1;NC_017675.1;NC_016859.1,18_mutants,slyA_InSPI2,WT_MEP,del_slyA,PCN,,,Aerobic,,37C,5.83,,0.3,,Salmonella enterica subsp. enterica serovar Typhimurium str. ST4/74,,slyA,ChIP-Seq,1.0,1.0,slyA_InSPI2,,,True,True,True,18_mutants:slyA_InSPI2,False,True
SRX1639014,8/9/16 15:48,909946,Salmonella enterica subsp. enterica serovar Typhimurium str. ST4/74,28901,1236,909946,Salmonella enterica,SINGLE,ILLUMINA,Illumina HiSeq 2000,SRR3233323,SRP071896,PRJNA315446,315446,SRS1345452,SAMN04559934,SRA386025,RNA-Seq,cDNA,TRANSCRIPTOMIC,,GEO,0,0,2346545,GSE79314,GSM2091464,27564394.0,4559934,ST4/74 delta-ssrA,del_ssrA,NC_016857.1;NC_016858.1;NC_017675.1;NC_016859.1,18_mutants,ssrA_InSPI2,WT_MEP,del_ssrA,PCN,,,Aerobic,,37C,5.83,,0.3,,Salmonella enterica subsp. enterica serovar Typhimurium str. ST4/74,,ssrA,ChIP-Seq,1.0,1.0,ssrA_InSPI2,,,True,True,True,18_mutants:ssrA_InSPI2,False,True
SRX1639007,8/9/16 15:48,909946,Salmonella enterica subsp. enterica serovar Typhimurium str. ST4/74,28901,1236,909946,Salmonella enterica,SINGLE,ILLUMINA,Illumina HiSeq 2000,SRR3233316,SRP071896,PRJNA315446,315446,SRS1345459,SAMN04559927,SRA386025,RNA-Seq,cDNA,TRANSCRIPTOMIC,,GEO,0,0,2346538,GSE79314,GSM2091457,27564394.0,4559927,wild-type ST4/74,WT,NC_016857.1;NC_016858.1;NC_017675.1;NC_016859.1,18_mutants,WT_lnSPI2,WT_MEP,WT,PCN,,,Aerobic,,37C,5.83,,0.3,,Salmonella enterica subsp. enterica serovar Typhimurium str. ST4/74,,WT,ChIP-Seq,1.0,1.0,WT_InSPI2_1,,,True,True,True,18_mutants:WT_lnSPI2,False,True
SRX1638994,8/9/16 15:48,909946,Salmonella enterica subsp. enterica serovar Typhimurium str. ST4/74,28901,1236,909946,Salmonella enterica,SINGLE,ILLUMINA,Illumina HiSeq 2000,SRR3233303,SRP071896,PRJNA315446,315446,SRS1345472,SAMN04559914,SRA386025,RNA-Seq,cDNA,TRANSCRIPTOMIC,,GEO,0,0,2346525,GSE79314,GSM2091444,27564394.0,4559914,ST4/74 delta-hilA,del_hilA,NC_016857.1;NC_016858.1;NC_017675.1;NC_016859.1,18_mutants,hilA_IEP,WT_MEP,del_hilA,Lennox Broth,,,Aerobic,,37C,,Intermediate-log,0.8,,Salmonella enterica subsp. enterica serovar Typhimurium str. ST4/74,,hilA,ChIP-Seq,1.0,1.0,hilA_IEP,,,True,True,True,18_mutants:hilA_IEP,False,True
SRX334195,12/18/13 17:31,909946,Salmonella enterica subsp. enterica serovar Typhimurium str. ST4/74,28901,1236,909946,Salmonella enterica,SINGLE,ILLUMINA,Illumina HiSeq 2000,SRR951041,SRP028811,PRJNA215033,215033,SRS469449,SAMN02316330,SRA097439,RNA-Seq,cDNA,TRANSCRIPTOMIC,,GEO,0,0,469288,GSE49829,GSM1207855,24331466.0,2316330,ST4/74,wild type,NC_016857.1;NC_016858.1;NC_017675.1;NC_016859.1,Infection_conditions,Temp10,Pool_RNA_seq,WT,Lennox Broth,,,Aerobic,,25C,,,0.3,"Growth in Lennox broth to OD600 0.3 at 25°C, then transfer for 10 min to 37°C",Salmonella enterica subsp. enterica serovar Typhimurium str. ST4/74,,WT,dRNA-Seq,1.0,1.0,Temp10,,,True,True,True,Infection_conditions:Temp10,False,True
SRX4665720,9/25/18 18:26,909946,Salmonella enterica subsp. enterica serovar Typhimurium str. ST4/74,28901,1236,909946,Salmonella enterica,SINGLE,ILLUMINA,Illumina HiSeq 2000,SRR7814150,SRP160917,PRJNA490148,490148,SRS3760716,SAMN10026108,SRA770554,RNA-Seq,cDNA,TRANSCRIPTOMIC,,GEO,0,0,6323869,GSE119724,GSM3381732,30645593.0,10026108,ST4/74,wild type,NC_016857.1;NC_016858.1;NC_017675.1;NC_016859.1,comparative_st474,st474_Low_Fe2+_shock,st474_MEP,WT,LB,,,Aerobic,,37C,,,0.3,"Growth in Lennox broth at 37ºC,220 rpm (in a water bath),to OD600 nm0.3, then addition of 2,2’-dipyridyl to a final concentration of 0.2 mMfor 10 min in the same incubation conditions.",Salmonella enterica subsp. enterica serovar Typhimurium str. ST4/74,,WT,Proteomics,1.0,1.0,Low_Fe2+_shock,,,True,True,True,comparative_st474:st474_Low_Fe2+_shock,False,True
SRX6747389,1/31/20 0:00,90371,Salmonella enterica subsp. enterica serovar Typhimurium str. ST4/74,28901,1236,90371,Salmonella enterica,SINGLE,ILLUMINA,Illumina HiSeq 1500,SRR10009122,SRP218513,PRJNA560458,560458,SRS5297641,SAMN12593629,SRA945932,RNA-Seq,RT-PCR,TRANSCRIPTOMIC,,FRIEDRICH-LOEFFLER-INSTITUT,0,0,8888320,,,,12593629,serovar Typhimurium,,,,,,,,,,,,,,,,,Salmonella enterica subsp. enterica serovar Typhimurium str. ST4/74,,,,,,,,,True,True,True,,True,True
SRX4665729,9/25/18 18:26,909946,Salmonella enterica subsp. enterica serovar Typhimurium str. ST4/74,28901,1236,909946,Salmonella enterica,SINGLE,ILLUMINA,NextSeq 500,SRR7814159,SRP160917,PRJNA490148,490148,SRS3760726,SAMN10026196,SRA770554,RNA-Seq,cDNA,TRANSCRIPTOMIC,,GEO,0,0,6323878,GSE119724,GSM3381741,30645593.0,10026196,ST4/74,wild type,NC_016857.1;NC_016858.1;NC_017675.1;NC_016859.1,comparative_st474,st474_NonSPI2,st474_MEP,WT,PCN,,,Aerobic,,37C,7.4,,0.3,"Growth in PCN medium (pH 7.4, 25 mM Pi) at 37ºC,220 rpm (in a water bath),to OD600 nm0.3.",Salmonella enterica subsp. enterica serovar Typhimurium str. ST4/74,,WT,Proteomics,3.0,1.0,NonSPI2-4,,,True,True,True,comparative_st474:st474_NonSPI2,True,True
SRX334206,12/18/13 17:31,909946,Salmonella enterica subsp. enterica serovar Typhimurium str. ST4/74,28901,1236,909946,Salmonella enterica,SINGLE,ILLUMINA,Illumina HiSeq 2000,SRR951052,SRP028811,PRJNA215033,215033,SRS469460,SAMN02316307,SRA097439,RNA-Seq,cDNA,TRANSCRIPTOMIC,,GEO,0,0,469299,GSE49829,GSM1207866,24331466.0,2316307,ST4/74,wild type,NC_016857.1;NC_016858.1;NC_017675.1;NC_016859.1,Infection_conditions,NonSPI2,Pool_RNA_seq,WT,PCN,,,Aerobic,,37C,7.4,,0.3,25 mM Pi,Salmonella enterica subsp. enterica serovar Typhimurium str. ST4/74,,WT,dRNA-Seq,1.0,1.0,NonSPI2,,,True,True,True,Infection_conditions:NonSPI2,False,True
