Experiment	ReleaseDate	TaxID	ScientificName	species_tax_id	class_tax_id	strain_tax_id	species	LibraryLayout	Platform	Model	Run	SRAStudy	BioProject	ProjectID	Sample	BioSample	Submission	LibraryStrategy	LibrarySelection	LibrarySource	Body_Site	CenterName	InsertSize	InsertDev	SRA ID	GEO Series	GEO Sample	PMID	Biosample ID	biosample_strain	biosample_genotype	reference_sequence	project_name	condition_name	reference_condition	strain_description	base_media	carbon_source	nitrogen_source	aerobicity	supplement	temperature	pH	growth_phase	OD	additional_notes	ScientificName_curated	Host	Knockout	Other_available_omics	Biological_replicate	Technical_replicate	SampleID	R1	R2
SRX334181	12/18/13 17:31	909946	Salmonella enterica subsp. enterica serovar Typhimurium str. ST4/74	28901	1236	909946	Salmonella enterica	SINGLE	ILLUMINA	Illumina HiSeq 2000	SRR951027	SRP028811	PRJNA215033	215033	SRS469435	SAMN02316315	SRA097439	RNA-Seq	cDNA	TRANSCRIPTOMIC		GEO	0	0	469274	GSE49829	GSM1207841	24331466	2316315	ST4/74	wild type	NC_016857.1;NC_016858.1;NC_017675.1;NC_016859.1	Infection_conditions	EEP	Pool_RNA_seq	WT	Lennox Broth			Aerobic		37C		Early-log	0.1		Salmonella enterica subsp. enterica serovar Typhimurium str. ST4/74		WT	dRNA-Seq	1	1	EEP		
SRX334182	12/18/13 17:31	909946	Salmonella enterica subsp. enterica serovar Typhimurium str. ST4/74	28901	1236	909946	Salmonella enterica	SINGLE	ILLUMINA	Illumina HiSeq 2000	SRR951028	SRP028811	PRJNA215033	215033	SRS469436	SAMN02316316	SRA097439	RNA-Seq	cDNA	TRANSCRIPTOMIC		GEO	0	0	469275	GSE49829	GSM1207842	24331466	2316316	ST4/74	wild type	NC_016857.1;NC_016858.1;NC_017675.1;NC_016859.1	Infection_conditions	MEP_dRNA_seq	Pool_RNA_seq	WT	Lennox Broth			Aerobic		37C		Mid-log	0.3		Salmonella enterica subsp. enterica serovar Typhimurium str. ST4/74		WT	dRNA-Seq	1	1	MEP_dRNA_seq		
SRX334183	12/18/13 17:31	909946	Salmonella enterica subsp. enterica serovar Typhimurium str. ST4/74	28901	1236	909946	Salmonella enterica	SINGLE	ILLUMINA	Illumina HiSeq 2000	SRR951029	SRP028811	PRJNA215033	215033	SRS469437	SAMN02316317	SRA097439	RNA-Seq	cDNA	TRANSCRIPTOMIC		GEO	0	0	469276	GSE49829	GSM1207843	24331466	2316317	ST4/74	wild type	NC_016857.1;NC_016858.1;NC_017675.1;NC_016859.1	Infection_conditions	MEP	Pool_RNA_seq	WT	Lennox Broth			Aerobic		37C		Mid-log	0.3		Salmonella enterica subsp. enterica serovar Typhimurium str. ST4/74		WT	dRNA-Seq	1	1	MEP_tech1		
SRX334184	12/18/13 17:31	909946	Salmonella enterica subsp. enterica serovar Typhimurium str. ST4/74	28901	1236	909946	Salmonella enterica	SINGLE	ILLUMINA	Illumina HiSeq 2000	SRR951030	SRP028811	PRJNA215033	215033	SRS469438	SAMN02316325	SRA097439	RNA-Seq	cDNA	TRANSCRIPTOMIC		GEO	0	0	469277	GSE49829	GSM1207844	24331466	2316325	ST4/74	wild type	NC_016857.1;NC_016858.1;NC_017675.1;NC_016859.1	Infection_conditions	MEP	Pool_RNA_seq	WT	Lennox Broth			Aerobic		37C		Mid-log	0.3		Salmonella enterica subsp. enterica serovar Typhimurium str. ST4/74		WT	dRNA-Seq	1	2	MEP_tech2		
SRX334185	12/18/13 17:31	909946	Salmonella enterica subsp. enterica serovar Typhimurium str. ST4/74	28901	1236	909946	Salmonella enterica	SINGLE	ILLUMINA	Illumina HiSeq 2000	SRR951031	SRP028811	PRJNA215033	215033	SRS469439	SAMN02316324	SRA097439	RNA-Seq	cDNA	TRANSCRIPTOMIC		GEO	0	0	469278	GSE49829	GSM1207845	24331466	2316324	ST4/74	wild type	NC_016857.1;NC_016858.1;NC_017675.1;NC_016859.1	Infection_conditions	MEP	Pool_RNA_seq	WT	Lennox Broth			Aerobic		37C		Mid-log	0.3		Salmonella enterica subsp. enterica serovar Typhimurium str. ST4/74		WT	dRNA-Seq	1	3	MEP_tech3		
SRX334186	12/18/13 17:31	909946	Salmonella enterica subsp. enterica serovar Typhimurium str. ST4/74	28901	1236	909946	Salmonella enterica	SINGLE	ILLUMINA	Illumina HiSeq 2000	SRR951032	SRP028811	PRJNA215033	215033	SRS469440	SAMN02316321	SRA097439	RNA-Seq	cDNA	TRANSCRIPTOMIC		GEO	0	0	469279	GSE49829	GSM1207846	24331466	2316321	ST4/74	wild type	NC_016857.1;NC_016858.1;NC_017675.1;NC_016859.1	Infection_conditions	LEP	Pool_RNA_seq	WT	Lennox Broth			Aerobic		37C		Late-log	1		Salmonella enterica subsp. enterica serovar Typhimurium str. ST4/74		WT	dRNA-Seq	1	1	LEP		
SRX334187	12/18/13 17:31	909946	Salmonella enterica subsp. enterica serovar Typhimurium str. ST4/74	28901	1236	909946	Salmonella enterica	SINGLE	ILLUMINA	Illumina HiSeq 2000	SRR951033	SRP028811	PRJNA215033	215033	SRS469441	SAMN02316327	SRA097439	RNA-Seq	cDNA	TRANSCRIPTOMIC		GEO	0	0	469280	GSE49829	GSM1207847	24331466	2316327	ST4/74	wild type	NC_016857.1;NC_016858.1;NC_017675.1;NC_016859.1	Infection_conditions	ESP_dRNA_seq	Pool_RNA_seq	WT	Lennox Broth			Aerobic		37C		Early-stationary	2		Salmonella enterica subsp. enterica serovar Typhimurium str. ST4/74		WT	dRNA-Seq	1	1	ESP_dRNA_seq		
SRX334188	12/18/13 17:31	909946	Salmonella enterica subsp. enterica serovar Typhimurium str. ST4/74	28901	1236	909946	Salmonella enterica	SINGLE	ILLUMINA	Illumina HiSeq 2000	SRR951034	SRP028811	PRJNA215033	215033	SRS469442	SAMN02316319	SRA097439	RNA-Seq	cDNA	TRANSCRIPTOMIC		GEO	0	0	469281	GSE49829	GSM1207848	24331466	2316319	ST4/74	wild type	NC_016857.1;NC_016858.1;NC_017675.1;NC_016859.1	Infection_conditions	ESP	Pool_RNA_seq	WT	Lennox Broth			Aerobic		37C		Early-stationary	2		Salmonella enterica subsp. enterica serovar Typhimurium str. ST4/74		WT	dRNA-Seq	1	1	ESP_bio1_tech1		
SRX334189	12/18/13 17:31	909946	Salmonella enterica subsp. enterica serovar Typhimurium str. ST4/74	28901	1236	909946	Salmonella enterica	SINGLE	ILLUMINA	Illumina HiSeq 2000	SRR951035	SRP028811	PRJNA215033	215033	SRS469443	SAMN02316322	SRA097439	RNA-Seq	cDNA	TRANSCRIPTOMIC		GEO	0	0	469282	GSE49829	GSM1207849	24331466	2316322	ST4/74	wild type	NC_016857.1;NC_016858.1;NC_017675.1;NC_016859.1	Infection_conditions	ESP	Pool_RNA_seq	WT	Lennox Broth			Aerobic		37C		Early-stationary	2		Salmonella enterica subsp. enterica serovar Typhimurium str. ST4/74		WT	dRNA-Seq	1	2	ESP_bio1_tech2		
SRX334190	12/18/13 17:31	909946	Salmonella enterica subsp. enterica serovar Typhimurium str. ST4/74	28901	1236	909946	Salmonella enterica	SINGLE	ILLUMINA	Illumina HiSeq 2000	SRR951036	SRP028811	PRJNA215033	215033	SRS469444	SAMN02316333	SRA097439	RNA-Seq	cDNA	TRANSCRIPTOMIC		GEO	0	0	469283	GSE49829	GSM1207850	24331466	2316333	ST4/74	wild type	NC_016857.1;NC_016858.1;NC_017675.1;NC_016859.1	Infection_conditions	ESP	Pool_RNA_seq	WT	Lennox Broth			Aerobic		37C		Early-stationary	2		Salmonella enterica subsp. enterica serovar Typhimurium str. ST4/74		WT	dRNA-Seq	2	1	ESP_bio2_tech1		
SRX334191	12/18/13 17:31	909946	Salmonella enterica subsp. enterica serovar Typhimurium str. ST4/74	28901	1236	909946	Salmonella enterica	SINGLE	ILLUMINA	Illumina HiSeq 2000	SRR951037	SRP028811	PRJNA215033	215033	SRS469445	SAMN02316320	SRA097439	RNA-Seq	cDNA	TRANSCRIPTOMIC		GEO	0	0	469284	GSE49829	GSM1207851	24331466	2316320	ST4/74	wild type	NC_016857.1;NC_016858.1;NC_017675.1;NC_016859.1	Infection_conditions	LSP_dRNA_seq	Pool_RNA_seq	WT	Lennox Broth			Aerobic		37C		Late-stationary	2	Growth in Lennox broth to OD600 2.0 + 6hr 	Salmonella enterica subsp. enterica serovar Typhimurium str. ST4/74		WT	dRNA-Seq	1	1	LSP_dRNA_seq		
SRX334192	12/18/13 17:31	909946	Salmonella enterica subsp. enterica serovar Typhimurium str. ST4/74	28901	1236	909946	Salmonella enterica	SINGLE	ILLUMINA	Illumina HiSeq 2000	SRR951038	SRP028811	PRJNA215033	215033	SRS469446	SAMN02316328	SRA097439	RNA-Seq	cDNA	TRANSCRIPTOMIC		GEO	0	0	469285	GSE49829	GSM1207852	24331466	2316328	ST4/74	wild type	NC_016857.1;NC_016858.1;NC_017675.1;NC_016859.1	Infection_conditions	LSP	Pool_RNA_seq	WT	Lennox Broth			Aerobic		37C		Late-stationary	2	Growth in Lennox broth to OD600 2.0 + 6hr 	Salmonella enterica subsp. enterica serovar Typhimurium str. ST4/74		WT	dRNA-Seq	1	1	LSP_bio1		
SRX334193	12/18/13 17:31	909946	Salmonella enterica subsp. enterica serovar Typhimurium str. ST4/74	28901	1236	909946	Salmonella enterica	SINGLE	ILLUMINA	Illumina HiSeq 2000	SRR951039	SRP028811	PRJNA215033	215033	SRS469447	SAMN02316318	SRA097439	RNA-Seq	cDNA	TRANSCRIPTOMIC		GEO	0	0	469286	GSE49829	GSM1207853	24331466	2316318	ST4/74	wild type	NC_016857.1;NC_016858.1;NC_017675.1;NC_016859.1	Infection_conditions	LSP	Pool_RNA_seq	WT	Lennox Broth			Aerobic		37C		Late-stationary	2	Growth in Lennox broth to OD600 2.0 + 6hr 	Salmonella enterica subsp. enterica serovar Typhimurium str. ST4/74		WT	dRNA-Seq	2	1	LSP_bio2		
SRX334194	12/18/13 17:31	909946	Salmonella enterica subsp. enterica serovar Typhimurium str. ST4/74	28901	1236	909946	Salmonella enterica	SINGLE	ILLUMINA	Illumina HiSeq 2000	SRR951040	SRP028811	PRJNA215033	215033	SRS469448	SAMN02316323	SRA097439	RNA-Seq	cDNA	TRANSCRIPTOMIC		GEO	0	0	469287	GSE49829	GSM1207854	24331466	2316323	ST4/74	wild type	NC_016857.1;NC_016858.1;NC_017675.1;NC_016859.1	Infection_conditions	25C	Pool_RNA_seq	WT	Lennox Broth			Aerobic		25C			0.3		Salmonella enterica subsp. enterica serovar Typhimurium str. ST4/74		WT	dRNA-Seq	1	1	25C		
SRX334195	12/18/13 17:31	909946	Salmonella enterica subsp. enterica serovar Typhimurium str. ST4/74	28901	1236	909946	Salmonella enterica	SINGLE	ILLUMINA	Illumina HiSeq 2000	SRR951041	SRP028811	PRJNA215033	215033	SRS469449	SAMN02316330	SRA097439	RNA-Seq	cDNA	TRANSCRIPTOMIC		GEO	0	0	469288	GSE49829	GSM1207855	24331466	2316330	ST4/74	wild type	NC_016857.1;NC_016858.1;NC_017675.1;NC_016859.1	Infection_conditions	Temp10	Pool_RNA_seq	WT	Lennox Broth			Aerobic		25C			0.3	Growth in Lennox broth to OD600 0.3 at 25°C, then transfer for 10 min to 37°C	Salmonella enterica subsp. enterica serovar Typhimurium str. ST4/74		WT	dRNA-Seq	1	1	Temp10		
SRX334196	12/18/13 17:31	909946	Salmonella enterica subsp. enterica serovar Typhimurium str. ST4/74	28901	1236	909946	Salmonella enterica	SINGLE	ILLUMINA	Illumina HiSeq 2000	SRR951042	SRP028811	PRJNA215033	215033	SRS469450	SAMN02316326	SRA097439	RNA-Seq	cDNA	TRANSCRIPTOMIC		GEO	0	0	469289	GSE49829	GSM1207856	24331466	2316326	ST4/74	wild type	NC_016857.1;NC_016858.1;NC_017675.1;NC_016859.1	Infection_conditions	Temp20	Pool_RNA_seq	WT	Lennox Broth			Aerobic		25C			0.3	Growth in Lennox broth to OD600 0.3 at 25°C, then transfer for 20 min to 37°C	Salmonella enterica subsp. enterica serovar Typhimurium str. ST4/74		WT	dRNA-Seq	1	1	Temp20		
SRX334197	12/18/13 17:31	909946	Salmonella enterica subsp. enterica serovar Typhimurium str. ST4/74	28901	1236	909946	Salmonella enterica	SINGLE	ILLUMINA	Illumina HiSeq 2000	SRR951043	SRP028811	PRJNA215033	215033	SRS469451	SAMN02316335	SRA097439	RNA-Seq	cDNA	TRANSCRIPTOMIC		GEO	0	0	469290	GSE49829	GSM1207857	24331466	2316335	ST4/74	wild type	NC_016857.1;NC_016858.1;NC_017675.1;NC_016859.1	Infection_conditions	Cold_shock_15C	Pool_RNA_seq	WT	Lennox Broth			Aerobic		37C			0.3	Growth in Lennox broth to OD600 0.3, then transfer for 10 min from 37°C to 15°C	Salmonella enterica subsp. enterica serovar Typhimurium str. ST4/74		WT	dRNA-Seq	1	1	Cold_shock_(15C)		
SRX334198	12/18/13 17:31	909946	Salmonella enterica subsp. enterica serovar Typhimurium str. ST4/74	28901	1236	909946	Salmonella enterica	SINGLE	ILLUMINA	Illumina HiSeq 2000	SRR951044	SRP028811	PRJNA215033	215033	SRS469452	SAMN02316329	SRA097439	RNA-Seq	cDNA	TRANSCRIPTOMIC		GEO	0	0	469291	GSE49829	GSM1207858	24331466	2316329	ST4/74	wild type	NC_016857.1;NC_016858.1;NC_017675.1;NC_016859.1	Infection_conditions	pH3_shock	Pool_RNA_seq	WT	Lennox Broth			Aerobic		37C			0.3	Growth in Lennox broth to OD600 0.3 then cells were harvested by centrifugation, resuspended in fresh Lennox pH3.0 and grown for additional 10 min	Salmonella enterica subsp. enterica serovar Typhimurium str. ST4/74		WT	dRNA-Seq	1	1	pH3_shock		
SRX334199	12/18/13 17:31	909946	Salmonella enterica subsp. enterica serovar Typhimurium str. ST4/74	28901	1236	909946	Salmonella enterica	SINGLE	ILLUMINA	Illumina HiSeq 2000	SRR951045	SRP028811	PRJNA215033	215033	SRS469453	SAMN02316338	SRA097439	RNA-Seq	cDNA	TRANSCRIPTOMIC		GEO	0	0	469292	GSE49829	GSM1207859	24331466	2316338	ST4/74	wild type	NC_016857.1;NC_016858.1;NC_017675.1;NC_016859.1	Infection_conditions	pH5.8_shock	Pool_RNA_seq	WT	Lennox Broth			Aerobic		37C			0.3	Growth in Lennox broth to OD600 0.3; then cells were harvested by centrifugation, resuspended in fresh Lennox pH5.8 and grown for additional 10 min	Salmonella enterica subsp. enterica serovar Typhimurium str. ST4/74		WT	dRNA-Seq	1	1	pH5.8_shock		
SRX334200	12/18/13 17:31	909946	Salmonella enterica subsp. enterica serovar Typhimurium str. ST4/74	28901	1236	909946	Salmonella enterica	SINGLE	ILLUMINA	Illumina HiSeq 2000	SRR951046	SRP028811	PRJNA215033	215033	SRS469454	SAMN02316332	SRA097439	RNA-Seq	cDNA	TRANSCRIPTOMIC		GEO	0	0	469293	GSE49829	GSM1207860	24331466	2316332	ST4/74	wild type	NC_016857.1;NC_016858.1;NC_017675.1;NC_016859.1	Infection_conditions	NaCl_shock	Pool_RNA_seq	WT	Lennox Broth			Aerobic		37C			0.3	Growth in Lennox broth to OD600 0.3; then addition of NaCl to a final concentration of 0.3 M for 10 min	Salmonella enterica subsp. enterica serovar Typhimurium str. ST4/74		WT	dRNA-Seq	1	1	NaCl_shock		
SRX334201	12/18/13 17:31	909946	Salmonella enterica subsp. enterica serovar Typhimurium str. ST4/74	28901	1236	909946	Salmonella enterica	SINGLE	ILLUMINA	Illumina HiSeq 2000	SRR951047	SRP028811	PRJNA215033	215033	SRS469455	SAMN02316331	SRA097439	RNA-Seq	cDNA	TRANSCRIPTOMIC		GEO	0	0	469294	GSE49829	GSM1207861	24331466	2316331	ST4/74	wild type	NC_016857.1;NC_016858.1;NC_017675.1;NC_016859.1	Infection_conditions	LowFe2+_shock	Pool_RNA_seq	WT	Lennox Broth			Aerobic		37C			0.3	Growth in Lennox broth to OD600 0.3; then addition of 2,2’-dipyridyl to a final concentration of 0.2 mM for 10 min	Salmonella enterica subsp. enterica serovar Typhimurium str. ST4/74		WT	dRNA-Seq	1	1	LowFe2+_shock		
SRX334202	12/18/13 17:31	909946	Salmonella enterica subsp. enterica serovar Typhimurium str. ST4/74	28901	1236	909946	Salmonella enterica	SINGLE	ILLUMINA	Illumina HiSeq 2000	SRR951048	SRP028811	PRJNA215033	215033	SRS469456	SAMN02316334	SRA097439	RNA-Seq	cDNA	TRANSCRIPTOMIC		GEO	0	0	469295	GSE49829	GSM1207862	24331466	2316334	ST4/74	wild type	NC_016857.1;NC_016858.1;NC_017675.1;NC_016859.1	Infection_conditions	Bile_shock	Pool_RNA_seq	WT	Lennox Broth			Aerobic		37C			0.3	Growth in Lennox broth to OD600 0.3; then addition of bile to a final concentration of 3% for 10 min	Salmonella enterica subsp. enterica serovar Typhimurium str. ST4/74		WT	dRNA-Seq	1	1	Bile_shock		
SRX334203	12/18/13 17:31	909946	Salmonella enterica subsp. enterica serovar Typhimurium str. ST4/74	28901	1236	909946	Salmonella enterica	SINGLE	ILLUMINA	Illumina HiSeq 2000	SRR951049	SRP028811	PRJNA215033	215033	SRS469457	SAMN02316336	SRA097439	RNA-Seq	cDNA	TRANSCRIPTOMIC		GEO	0	0	469296	GSE49829	GSM1207863	24331466	2316336	ST4/74	wild type	NC_016857.1;NC_016858.1;NC_017675.1;NC_016859.1	Infection_conditions	Anaerobic_shock	Pool_RNA_seq	WT	Lennox Broth			Aerobic		37C			0.3	Growth in Lennox broth to OD600 0.3 (50 ml), then filled into 50 ml closed Falcon tube and incubated without agitation for 30 min at 37°C	Salmonella enterica subsp. enterica serovar Typhimurium str. ST4/74		WT	dRNA-Seq	1	1	Anaerobic_shock		
SRX334204	12/18/13 17:31	909946	Salmonella enterica subsp. enterica serovar Typhimurium str. ST4/74	28901	1236	909946	Salmonella enterica	SINGLE	ILLUMINA	Illumina HiSeq 2000	SRR951050	SRP028811	PRJNA215033	215033	SRS469458	SAMN02316339	SRA097439	RNA-Seq	cDNA	TRANSCRIPTOMIC		GEO	0	0	469297	GSE49829	GSM1207864	24331466	2316339	ST4/74	wild type	NC_016857.1;NC_016858.1;NC_017675.1;NC_016859.1	Infection_conditions	Anaerobic_growth	Pool_RNA_seq	WT	Lennox Broth			Anaerobic		37C			0.3	Static growth in Lennox broth to OD600 0.3 in a completely filled and closed 50 ml Falcon tube	Salmonella enterica subsp. enterica serovar Typhimurium str. ST4/74		WT	dRNA-Seq	1	1	Anaerobic_growth		
SRX334205	12/18/13 17:31	909946	Salmonella enterica subsp. enterica serovar Typhimurium str. ST4/74	28901	1236	909946	Salmonella enterica	SINGLE	ILLUMINA	Illumina HiSeq 2000	SRR951051	SRP028811	PRJNA215033	215033	SRS469459	SAMN02316337	SRA097439	RNA-Seq	cDNA	TRANSCRIPTOMIC		GEO	0	0	469298	GSE49829	GSM1207865	24331466	2316337	ST4/74	wild type	NC_016857.1;NC_016858.1;NC_017675.1;NC_016859.1	Infection_conditions	Oxygen_shock	Pool_RNA_seq	WT	Lennox Broth			Anaerobic		37C			0.3	Static growth in Lennox broth to OD600 0.3 in a completely filled and closed 50 ml Falcon tube; then 15 min aerobic growth (baffled flask, 250 rpm)	Salmonella enterica subsp. enterica serovar Typhimurium str. ST4/74		WT	dRNA-Seq	1	1	Oxygen_shock		
SRX334206	12/18/13 17:31	909946	Salmonella enterica subsp. enterica serovar Typhimurium str. ST4/74	28901	1236	909946	Salmonella enterica	SINGLE	ILLUMINA	Illumina HiSeq 2000	SRR951052	SRP028811	PRJNA215033	215033	SRS469460	SAMN02316307	SRA097439	RNA-Seq	cDNA	TRANSCRIPTOMIC		GEO	0	0	469299	GSE49829	GSM1207866	24331466	2316307	ST4/74	wild type	NC_016857.1;NC_016858.1;NC_017675.1;NC_016859.1	Infection_conditions	NonSPI2	Pool_RNA_seq	WT	PCN			Aerobic		37C	7.4		0.3	25 mM Pi	Salmonella enterica subsp. enterica serovar Typhimurium str. ST4/74		WT	dRNA-Seq	1	1	NonSPI2		
SRX334207	12/18/13 17:31	909946	Salmonella enterica subsp. enterica serovar Typhimurium str. ST4/74	28901	1236	909946	Salmonella enterica	SINGLE	ILLUMINA	Illumina HiSeq 2000	SRR951053	SRP028811	PRJNA215033	215033	SRS469461	SAMN02316310	SRA097439	RNA-Seq	cDNA	TRANSCRIPTOMIC		GEO	0	0	469300	GSE49829	GSM1207867	24331466	2316310	ST4/74	wild type	NC_016857.1;NC_016858.1;NC_017675.1;NC_016859.1	Infection_conditions	inSPI2_dRNA_seq	Pool_RNA_seq	WT	PCN			Aerobic		37C	5.8		0.3	0.4 mM Pi	Salmonella enterica subsp. enterica serovar Typhimurium str. ST4/74		WT	dRNA-Seq	2	1	inSPI2_dRNA_seq		
SRX334208	12/18/13 17:31	909946	Salmonella enterica subsp. enterica serovar Typhimurium str. ST4/74	28901	1236	909946	Salmonella enterica	SINGLE	ILLUMINA	Illumina HiSeq 2000	SRR951054	SRP028811	PRJNA215033	215033	SRS469462	SAMN02316306	SRA097439	RNA-Seq	cDNA	TRANSCRIPTOMIC		GEO	0	0	469301	GSE49829	GSM1207868	24331466	2316306	ST4/74	wild type	NC_016857.1;NC_016858.1;NC_017675.1;NC_016859.1	Infection_conditions	inSPI2	Pool_RNA_seq	WT	PCN			Aerobic		37C	5.8		0.3	0.4 mM Pi	Salmonella enterica subsp. enterica serovar Typhimurium str. ST4/74		WT	dRNA-Seq	1	1	inSPI2_bio1		
SRX334209	12/18/13 17:31	909946	Salmonella enterica subsp. enterica serovar Typhimurium str. ST4/74	28901	1236	909946	Salmonella enterica	SINGLE	ILLUMINA	Illumina HiSeq 2000	SRR951055	SRP028811	PRJNA215033	215033	SRS469463	SAMN02316309	SRA097439	RNA-Seq	cDNA	TRANSCRIPTOMIC		GEO	0	0	469302	GSE49829	GSM1207869	24331466	2316309	ST4/74	wild type	NC_016857.1;NC_016858.1;NC_017675.1;NC_016859.1	Infection_conditions	inSPI2	Pool_RNA_seq	WT	PCN			Aerobic		37C	5.8		0.3	0.4 mM Pi	Salmonella enterica subsp. enterica serovar Typhimurium str. ST4/74		WT	dRNA-Seq	2	1	inSPI2_bio2		
SRX334210	12/18/13 17:31	909946	Salmonella enterica subsp. enterica serovar Typhimurium str. ST4/74	28901	1236	909946	Salmonella enterica	SINGLE	ILLUMINA	Illumina HiSeq 2000	SRR951056	SRP028811	PRJNA215033	215033	SRS469464	SAMN02316308	SRA097439	RNA-Seq	cDNA	TRANSCRIPTOMIC		GEO	0	0	469303	GSE49829	GSM1207870	24331466	2316308	ST4/74	wild type	NC_016857.1;NC_016858.1;NC_017675.1;NC_016859.1	Infection_conditions	InSPI2_LowMg2+	Pool_RNA_seq	WT	PCN			Aerobic		37C	5.8		0.3	Growth in PCN medium with 10 µM MgCl2 to OD600 0.3 (pH 5.8, 0.4 mM Pi)	Salmonella enterica subsp. enterica serovar Typhimurium str. ST4/74		WT	dRNA-Seq	1	1	InSPI2_LowMg2+		
SRX334211	12/18/13 17:31	909946	Salmonella enterica subsp. enterica serovar Typhimurium str. ST4/74	28901	1236	909946	Salmonella enterica	SINGLE	ILLUMINA	Illumina HiSeq 2000	SRR951057	SRP028811	PRJNA215033	215033	SRS469465	SAMN02316312	SRA097439	RNA-Seq	cDNA	TRANSCRIPTOMIC		GEO	0	0	469304	GSE49829	GSM1207871	24331466	2316312	ST4/74	wild type	NC_016857.1;NC_016858.1;NC_017675.1;NC_016859.1	Infection_conditions	Peroxide_shock_InSPI2	Pool_RNA_seq	WT	PCN			Aerobic		37C			0.3	PCN to OD600 0.3, then addition of H2O2 to final concentration of 1 mM H2O2 for 12 min	Salmonella enterica subsp. enterica serovar Typhimurium str. ST4/74		WT	dRNA-Seq	1	1	Peroxide_shock_InSPI2		
SRX334212	12/18/13 17:31	909946	Salmonella enterica subsp. enterica serovar Typhimurium str. ST4/74	28901	1236	909946	Salmonella enterica	SINGLE	ILLUMINA	Illumina HiSeq 2000	SRR951058	SRP028811	PRJNA215033	215033	SRS469466	SAMN02316311	SRA097439	RNA-Seq	cDNA	TRANSCRIPTOMIC		GEO	0	0	469305	GSE49829	GSM1207872	24331466	2316311	ST4/74	wild type	NC_016857.1;NC_016858.1;NC_017675.1;NC_016859.1	Infection_conditions	Nitric_oxide_shock_InSPI2	Pool_RNA_seq	WT	PCN			Aerobic		37C	5.8		0.3	Growth in PCN medium to OD600 0.3 (pH 5.8, 0.4 mM Pi): then addition of 250 µM Spermine NONOate for 20 min	Salmonella enterica subsp. enterica serovar Typhimurium str. ST4/74		WT	dRNA-Seq	1	1	Nitric_oxide_shock_InSPI2		
SRX334213	12/18/13 17:31	909946	Salmonella enterica subsp. enterica serovar Typhimurium str. ST4/74	28901	1236	909946	Salmonella enterica	SINGLE	ILLUMINA	Illumina HiSeq 2000	SRR951059	SRP028811	PRJNA215033	215033	SRS469467	SAMN02316314	SRA097439	RNA-Seq	cDNA	TRANSCRIPTOMIC		GEO	0	0	469306	GSE49829	GSM1207873	24331466	2316314	ST4/74	wild type	NC_016857.1;NC_016858.1;NC_017675.1;NC_016859.1	Infection_conditions	Pool_dRNA_seq	Pool_RNA_seq	WT	PCN			Aerobic		37C				All 22 conditions pooled	Salmonella enterica subsp. enterica serovar Typhimurium str. ST4/74		WT	dRNA-Seq	1	1	Pool_dRNA_seq		
SRX334214	12/18/13 17:31	909946	Salmonella enterica subsp. enterica serovar Typhimurium str. ST4/74	28901	1236	909946	Salmonella enterica	SINGLE	ILLUMINA	Illumina HiSeq 2000	SRR951060	SRP028811	PRJNA215033	215033	SRS469468	SAMN02316313	SRA097439	RNA-Seq	cDNA	TRANSCRIPTOMIC		GEO	0	0	469307	GSE49829	GSM1207874	24331466	2316313	ST4/74	wild type	NC_016857.1;NC_016858.1;NC_017675.1;NC_016859.1	Infection_conditions	Pool_RNA_seq	Pool_RNA_seq	WT	PCN			Aerobic		37C				All 22 conditions pooled	Salmonella enterica subsp. enterica serovar Typhimurium str. ST4/74		WT	dRNA-Seq	1	1	Pool_RNA_seq		
SRX1366851	10/22/15 16:16	909946	Salmonella enterica subsp. enterica serovar Typhimurium str. ST4/74	28901	1236	909946	Salmonella enterica	SINGLE	ILLUMINA	Illumina HiSeq 2000	SRR2761495	SRP045115	PRJNA257106	257106	SRS1124142	SAMN04198569	SRA177318	RNA-Seq	cDNA	TRANSCRIPTOMIC		GEO	0	0	1947852	GSE59945	GSM1914919	26561851	4198569	ST4/74	wild type	NC_016857.1;NC_016858.1;NC_017675.1;NC_016859.1	Macrophage	lnSPI2_vitro	Intra_macrophage_RNA	WT	PCN			Aerobic		37C			0.3		Salmonella enterica subsp. enterica serovar Typhimurium str. ST4/74		WT	dRNA-Seq	1	1	lnSPI2_vitro		
SRX666587	7/31/15 20:28	909946	Salmonella enterica subsp. enterica serovar Typhimurium str. ST4/74	28901	1236	909946	Salmonella enterica	SINGLE	ILLUMINA	Illumina HiSeq 2000	SRR1532983	SRP045115	PRJNA257106	257106	SRS671277	SAMN02947367	SRA177318	RNA-Seq	cDNA	TRANSCRIPTOMIC		GEO	0	0	934819	GSE59945	GSM1462575	26561851	2947367	ST4/74	wild type	NC_016857.1;NC_016858.1;NC_017675.1;NC_016859.1	Macrophage	Intra_macrophage_RNA	Intra_macrophage_RNA	WT										RAW264.7 murine macrophage	Salmonella enterica subsp. enterica serovar Typhimurium str. ST4/74		WT	dRNA-Seq	1	1	Intra-macrophage_RNA-seq_1		
SRX666588	7/31/15 20:28	909946	Salmonella enterica subsp. enterica serovar Typhimurium str. ST4/74	28901	1236	909946	Salmonella enterica	SINGLE	ILLUMINA	Illumina HiSeq 2000	SRR1532984	SRP045115	PRJNA257106	257106	SRS671278	SAMN02947368	SRA177318	RNA-Seq	cDNA	TRANSCRIPTOMIC		GEO	0	0	934820	GSE59945	GSM1462576	26561851	2947368	ST4/74	wild type	NC_016857.1;NC_016858.1;NC_017675.1;NC_016859.1	Macrophage	Intra_macrophage_RNA	Intra_macrophage_RNA	WT										RAW264.7 murine macrophage	Salmonella enterica subsp. enterica serovar Typhimurium str. ST4/74		WT	dRNA-Seq	2	1	Intra-macrophage_RNA-seq_2		
SRX666589	7/31/15 20:28	909946	Salmonella enterica subsp. enterica serovar Typhimurium str. ST4/74	28901	1236	909946	Salmonella enterica	SINGLE	ILLUMINA	Illumina HiSeq 2000	SRR1532985	SRP045115	PRJNA257106	257106	SRS671279	SAMN02947369	SRA177318	RNA-Seq	cDNA	TRANSCRIPTOMIC		GEO	0	0	934821	GSE59945	GSM1462577	26561851	2947369	ST4/74	wild type	NC_016857.1;NC_016858.1;NC_017675.1;NC_016859.1	Macrophage	Intra_macrophage_dRNA	Intra_macrophage_RNA	WT										RAW264.7 murine macrophage	Salmonella enterica subsp. enterica serovar Typhimurium str. ST4/74		WT	dRNA-Seq	1	1	Intra-macrophage_dRNA-seq_1		
SRX666590	7/31/15 20:28	909946	Salmonella enterica subsp. enterica serovar Typhimurium str. ST4/74	28901	1236	909946	Salmonella enterica	SINGLE	ILLUMINA	Illumina HiSeq 2000	SRR1532986	SRP045115	PRJNA257106	257106	SRS671280	SAMN02947370	SRA177318	RNA-Seq	cDNA	TRANSCRIPTOMIC		GEO	0	0	934822	GSE59945	GSM1462578	26561851	2947370	ST4/74	wild type	NC_016857.1;NC_016858.1;NC_017675.1;NC_016859.1	Macrophage	Intra_macrophage_dRNA	Intra_macrophage_RNA	WT										RAW264.7 murine macrophage	Salmonella enterica subsp. enterica serovar Typhimurium str. ST4/74		WT	dRNA-Seq	2	1	Intra-macrophage_dRNA-seq_2		
SRX666591	7/31/15 20:28	909946	Salmonella enterica subsp. enterica serovar Typhimurium str. ST4/74	28901	1236	909946	Salmonella enterica	SINGLE	ILLUMINA	Illumina HiSeq 2000	SRR1532987	SRP045115	PRJNA257106	257106	SRS671281	SAMN02947371	SRA177318	RNA-Seq	cDNA	TRANSCRIPTOMIC		GEO	0	0	934823	GSE59945	GSM1462579	26561851	2947371	ST4/74	ssrA knock-out	NC_016857.1;NC_016858.1;NC_017675.1;NC_016859.1	Macrophage	KO	Intra_macrophage_RNA	del_ssrA	PCN			Aerobic		37C			0.3		Salmonella enterica subsp. enterica serovar Typhimurium str. ST4/74		ssrA	dRNA-Seq	1	1	del_ssrA		
SRX1638989	8/9/16 15:48	909946	Salmonella enterica subsp. enterica serovar Typhimurium str. ST4/74	28901	1236	909946	Salmonella enterica	SINGLE	ILLUMINA	Illumina HiSeq 2000	SRR3233298	SRP071896	PRJNA315446	315446	SRS1345477	SAMN04559909	SRA386025	RNA-Seq	cDNA	TRANSCRIPTOMIC		GEO	0	0	2346520	GSE79314	GSM2091439	27564394	4559909	wild-type ST4/74	WT	NC_016857.1;NC_016858.1;NC_017675.1;NC_016859.1	18_mutants	WT_MEP	WT_MEP	WT	Lennox Broth			Aerobic		37C		Mid-log	0.3		Salmonella enterica subsp. enterica serovar Typhimurium str. ST4/74		WT	ChIP-Seq	1	1	WT_MEP		
SRX1638990	8/9/16 15:48	909946	Salmonella enterica subsp. enterica serovar Typhimurium str. ST4/74	28901	1236	909946	Salmonella enterica	SINGLE	ILLUMINA	Illumina HiSeq 2000	SRR3233299	SRP071896	PRJNA315446	315446	SRS1345476	SAMN04559910	SRA386025	RNA-Seq	cDNA	TRANSCRIPTOMIC		GEO	0	0	2346521	GSE79314	GSM2091440	27564394	4559910	ST4/74 delta-dam	del_dam	NC_016857.1;NC_016858.1;NC_017675.1;NC_016859.1	18_mutants	dam_MEP	WT_MEP	del_dam	Lennox Broth			Aerobic		37C		Mid-log	0.3		Salmonella enterica subsp. enterica serovar Typhimurium str. ST4/74		dam	ChIP-Seq	1	1	dam_MEP		
SRX1638991	8/9/16 15:48	909946	Salmonella enterica subsp. enterica serovar Typhimurium str. ST4/74	28901	1236	909946	Salmonella enterica	SINGLE	ILLUMINA	Illumina HiSeq 2000	SRR3233300	SRP071896	PRJNA315446	315446	SRS1345475	SAMN04559911	SRA386025	RNA-Seq	cDNA	TRANSCRIPTOMIC		GEO	0	0	2346522	GSE79314	GSM2091441	27564394	4559911	wild-type ST4/74	WT	NC_016857.1;NC_016858.1;NC_017675.1;NC_016859.1	18_mutants	WT_IEP	WT_MEP	WT	Lennox Broth			Aerobic		37C		Intermediate-log	0.8		Salmonella enterica subsp. enterica serovar Typhimurium str. ST4/74		WT	ChIP-Seq	1	1	WT_IEP		
SRX1638992	8/9/16 15:48	909946	Salmonella enterica subsp. enterica serovar Typhimurium str. ST4/74	28901	1236	909946	Salmonella enterica	SINGLE	ILLUMINA	Illumina HiSeq 2000	SRR3233301	SRP071896	PRJNA315446	315446	SRS1345474	SAMN04559912	SRA386025	RNA-Seq	cDNA	TRANSCRIPTOMIC		GEO	0	0	2346523	GSE79314	GSM2091442	27564394	4559912	ST4/74 delta-hilD	del_hilD	NC_016857.1;NC_016858.1;NC_017675.1;NC_016859.1	18_mutants	hilD_IEP	WT_MEP	del_hilD	Lennox Broth			Aerobic		37C		Intermediate-log	0.8		Salmonella enterica subsp. enterica serovar Typhimurium str. ST4/74		hilD	ChIP-Seq	1	1	hilD_IEP		
SRX1638993	8/9/16 15:48	909946	Salmonella enterica subsp. enterica serovar Typhimurium str. ST4/74	28901	1236	909946	Salmonella enterica	SINGLE	ILLUMINA	Illumina HiSeq 2000	SRR3233302	SRP071896	PRJNA315446	315446	SRS1345473	SAMN04559913	SRA386025	RNA-Seq	cDNA	TRANSCRIPTOMIC		GEO	0	0	2346524	GSE79314	GSM2091443	27564394	4559913	ST4/74 delta-hilC	del_hilC	NC_016857.1;NC_016858.1;NC_017675.1;NC_016859.1	18_mutants	hilC_IEP	WT_MEP	del_hilC	Lennox Broth			Aerobic		37C		Intermediate-log	0.8		Salmonella enterica subsp. enterica serovar Typhimurium str. ST4/74		hilC	ChIP-Seq	1	1	hilC_IEP		
SRX1638994	8/9/16 15:48	909946	Salmonella enterica subsp. enterica serovar Typhimurium str. ST4/74	28901	1236	909946	Salmonella enterica	SINGLE	ILLUMINA	Illumina HiSeq 2000	SRR3233303	SRP071896	PRJNA315446	315446	SRS1345472	SAMN04559914	SRA386025	RNA-Seq	cDNA	TRANSCRIPTOMIC		GEO	0	0	2346525	GSE79314	GSM2091444	27564394	4559914	ST4/74 delta-hilA	del_hilA	NC_016857.1;NC_016858.1;NC_017675.1;NC_016859.1	18_mutants	hilA_IEP	WT_MEP	del_hilA	Lennox Broth			Aerobic		37C		Intermediate-log	0.8		Salmonella enterica subsp. enterica serovar Typhimurium str. ST4/74		hilA	ChIP-Seq	1	1	hilA_IEP		
SRX1638995	8/9/16 15:48	909946	Salmonella enterica subsp. enterica serovar Typhimurium str. ST4/74	28901	1236	909946	Salmonella enterica	SINGLE	ILLUMINA	Illumina HiSeq 2000	SRR3233304	SRP071896	PRJNA315446	315446	SRS1345471	SAMN04559915	SRA386025	RNA-Seq	cDNA	TRANSCRIPTOMIC		GEO	0	0	2346526	GSE79314	GSM2091445	27564394	4559915	ST4/74 delta-hilE	del_hilE	NC_016857.1;NC_016858.1;NC_017675.1;NC_016859.1	18_mutants	hilE_IEP	WT_MEP	del_hilE	Lennox Broth			Aerobic		37C		Intermediate-log	0.8		Salmonella enterica subsp. enterica serovar Typhimurium str. ST4/74		hilE	ChIP-Seq	1	1	hilE_IEP		
SRX1638996	8/9/16 15:48	909946	Salmonella enterica subsp. enterica serovar Typhimurium str. ST4/74	28901	1236	909946	Salmonella enterica	SINGLE	ILLUMINA	Illumina HiSeq 2000	SRR3233305	SRP071896	PRJNA315446	315446	SRS1345470	SAMN04559916	SRA386025	RNA-Seq	cDNA	TRANSCRIPTOMIC		GEO	0	0	2346527	GSE79314	GSM2091446	27564394	4559916	wild-type ST4/74	WT	NC_016857.1;NC_016858.1;NC_017675.1;NC_016859.1	18_mutants	WT_ESP	WT_MEP	WT	Lennox Broth			Aerobic		37C		Early-stationary	2		Salmonella enterica subsp. enterica serovar Typhimurium str. ST4/74		WT	ChIP-Seq	1	1	WT_ESP_1		
SRX1638997	8/9/16 15:48	909946	Salmonella enterica subsp. enterica serovar Typhimurium str. ST4/74	28901	1236	909946	Salmonella enterica	SINGLE	ILLUMINA	Illumina HiSeq 2000	SRR3233306	SRP071896	PRJNA315446	315446	SRS1345469	SAMN04559917	SRA386025	RNA-Seq	cDNA	TRANSCRIPTOMIC		GEO	0	0	2346528	GSE79314	GSM2091447	27564394	4559917	wild-type ST4/74	WT	NC_016857.1;NC_016858.1;NC_017675.1;NC_016859.1	18_mutants	WT_ESP	WT_MEP	WT	Lennox Broth			Aerobic		37C		Early-stationary	2		Salmonella enterica subsp. enterica serovar Typhimurium str. ST4/74		WT	ChIP-Seq	2	1	WT_ESP_2		
SRX1638998	8/9/16 15:48	909946	Salmonella enterica subsp. enterica serovar Typhimurium str. ST4/74	28901	1236	909946	Salmonella enterica	SINGLE	ILLUMINA	Illumina HiSeq 2000	SRR3233307	SRP071896	PRJNA315446	315446	SRS1345468	SAMN04559918	SRA386025	RNA-Seq	cDNA	TRANSCRIPTOMIC		GEO	0	0	2346529	GSE79314	GSM2091448	27564394	4559918	ST4/74 delta-hilD	del_hilD	NC_016857.1;NC_016858.1;NC_017675.1;NC_016859.1	18_mutants	hilD_ESP	WT_MEP	del_hilD	Lennox Broth			Aerobic		37C		Early-stationary	2		Salmonella enterica subsp. enterica serovar Typhimurium str. ST4/74		hilD	ChIP-Seq	1	1	hilD_ESP		
SRX1638999	8/9/16 15:48	909946	Salmonella enterica subsp. enterica serovar Typhimurium str. ST4/74	28901	1236	909946	Salmonella enterica	SINGLE	ILLUMINA	Illumina HiSeq 2000	SRR3233308	SRP071896	PRJNA315446	315446	SRS1345467	SAMN04559919	SRA386025	RNA-Seq	cDNA	TRANSCRIPTOMIC		GEO	0	0	2346530	GSE79314	GSM2091449	27564394	4559919	ST4/74 delta-fur	del_fur	NC_016857.1;NC_016858.1;NC_017675.1;NC_016859.1	18_mutants	barA/sirA_ESP	WT_MEP	del_fur	Lennox Broth			Aerobic		37C		Early-stationary	2		Salmonella enterica subsp. enterica serovar Typhimurium str. ST4/74		fur	ChIP-Seq	1	1	barA/sirA_ESP		
SRX1639000	8/9/16 15:48	909946	Salmonella enterica subsp. enterica serovar Typhimurium str. ST4/74	28901	1236	909946	Salmonella enterica	SINGLE	ILLUMINA	Illumina HiSeq 2000	SRR3233309	SRP071896	PRJNA315446	315446	SRS1345466	SAMN04559920	SRA386025	RNA-Seq	cDNA	TRANSCRIPTOMIC		GEO	0	0	2346531	GSE79314	GSM2091450	27564394	4559920	ST4/74 delta-barA/sirA	del_barA/sirA	NC_016857.1;NC_016858.1;NC_017675.1;NC_016859.1	18_mutants	fliZ_ESP	WT_MEP	del_barA/sirA	Lennox Broth			Aerobic		37C		Early-stationary	2		Salmonella enterica subsp. enterica serovar Typhimurium str. ST4/74		barA/sirA	ChIP-Seq	1	1	fliZ_ESP		
SRX1639001	8/9/16 15:48	909946	Salmonella enterica subsp. enterica serovar Typhimurium str. ST4/74	28901	1236	909946	Salmonella enterica	SINGLE	ILLUMINA	Illumina HiSeq 2000	SRR3233310	SRP071896	PRJNA315446	315446	SRS1345465	SAMN04559921	SRA386025	RNA-Seq	cDNA	TRANSCRIPTOMIC		GEO	0	0	2346532	GSE79314	GSM2091451	27564394	4559921	ST4/74 delta-fliZ	del_filZ	NC_016857.1;NC_016858.1;NC_017675.1;NC_016859.1	18_mutants	fur_ESP	WT_MEP	del_filZ	Lennox Broth			Aerobic		37C		Early-stationary	2		Salmonella enterica subsp. enterica serovar Typhimurium str. ST4/74		filZ	ChIP-Seq	1	1	fur_ESP		
SRX1639002	8/9/16 15:48	909946	Salmonella enterica subsp. enterica serovar Typhimurium str. ST4/74	28901	1236	909946	Salmonella enterica	SINGLE	ILLUMINA	Illumina HiSeq 2000	SRR3233311	SRP071896	PRJNA315446	315446	SRS1345463	SAMN04559922	SRA386025	RNA-Seq	cDNA	TRANSCRIPTOMIC		GEO	0	0	2346533	GSE79314	GSM2091452	27564394	4559922	ST4/74 delta-hfq	del_hfq	NC_016857.1;NC_016858.1;NC_017675.1;NC_016859.1	18_mutants	hfq_ESP	WT_MEP	del_hfq	Lennox Broth			Aerobic		37C		Early-stationary	2		Salmonella enterica subsp. enterica serovar Typhimurium str. ST4/74		hfq	ChIP-Seq	1	1	hfq_ESP		
SRX1639003	8/9/16 15:48	909946	Salmonella enterica subsp. enterica serovar Typhimurium str. ST4/74	28901	1236	909946	Salmonella enterica	SINGLE	ILLUMINA	Illumina HiSeq 2000	SRR3233312	SRP071896	PRJNA315446	315446	SRS1345464	SAMN04559923	SRA386025	RNA-Seq	cDNA	TRANSCRIPTOMIC		GEO	0	0	2346534	GSE79314	GSM2091453	27564394	4559923	wild-type ST4/74	WT	NC_016857.1;NC_016858.1;NC_017675.1;NC_016859.1	18_mutants	WT_SP	WT_MEP	WT	Lennox Broth			Aerobic		37C		Late-stationary	2	Growth in Lennox broth to OD600 2.0 + 6hr 	Salmonella enterica subsp. enterica serovar Typhimurium str. ST4/74		WT	ChIP-Seq	1	1	WT_SP_1		
SRX1639004	8/9/16 15:48	909946	Salmonella enterica subsp. enterica serovar Typhimurium str. ST4/74	28901	1236	909946	Salmonella enterica	SINGLE	ILLUMINA	Illumina HiSeq 2000	SRR3233313	SRP071896	PRJNA315446	315446	SRS1345462	SAMN04559924	SRA386025	RNA-Seq	cDNA	TRANSCRIPTOMIC		GEO	0	0	2346535	GSE79314	GSM2091454	27564394	4559924	wild-type ST4/74	WT	NC_016857.1;NC_016858.1;NC_017675.1;NC_016859.1	18_mutants	WT_SP	WT_MEP	WT	Lennox Broth			Aerobic		37C		Late-stationary	2	Growth in Lennox broth to OD600 2.0 + 6hr 	Salmonella enterica subsp. enterica serovar Typhimurium str. ST4/74		WT	ChIP-Seq	2	1	WT_SP_2		
SRX1639005	8/9/16 15:48	909946	Salmonella enterica subsp. enterica serovar Typhimurium str. ST4/74	28901	1236	909946	Salmonella enterica	SINGLE	ILLUMINA	Illumina HiSeq 2000	SRR3233314	SRP071896	PRJNA315446	315446	SRS1345461	SAMN04559925	SRA386025	RNA-Seq	cDNA	TRANSCRIPTOMIC		GEO	0	0	2346536	GSE79314	GSM2091455	27564394	4559925	ST4/74 delta-rpoE	del_rpoE	NC_016857.1;NC_016858.1;NC_017675.1;NC_016859.1	18_mutants	rpoE_SP	WT_MEP	del_rpoE	Lennox Broth			Aerobic		37C		Late-stationary	2	Growth in Lennox broth to OD600 2.0 + 6hr 	Salmonella enterica subsp. enterica serovar Typhimurium str. ST4/74		rpoE	ChIP-Seq	1	1	rpoE_SP		
SRX1639006	8/9/16 15:48	909946	Salmonella enterica subsp. enterica serovar Typhimurium str. ST4/74	28901	1236	909946	Salmonella enterica	SINGLE	ILLUMINA	Illumina HiSeq 2000	SRR3233315	SRP071896	PRJNA315446	315446	SRS1345460	SAMN04559926	SRA386025	RNA-Seq	cDNA	TRANSCRIPTOMIC		GEO	0	0	2346537	GSE79314	GSM2091456	27564394	4559926	ST4/74 delta-rpoS	del_rpoS	NC_016857.1;NC_016858.1;NC_017675.1;NC_016859.1	18_mutants	rpoS_SP	WT_MEP	del_rpoS	Lennox Broth			Aerobic		37C		Late-stationary	2	Growth in Lennox broth to OD600 2.0 + 6hr 	Salmonella enterica subsp. enterica serovar Typhimurium str. ST4/74		rpoS	ChIP-Seq	1	1	rpoS_SP		
SRX1639007	8/9/16 15:48	909946	Salmonella enterica subsp. enterica serovar Typhimurium str. ST4/74	28901	1236	909946	Salmonella enterica	SINGLE	ILLUMINA	Illumina HiSeq 2000	SRR3233316	SRP071896	PRJNA315446	315446	SRS1345459	SAMN04559927	SRA386025	RNA-Seq	cDNA	TRANSCRIPTOMIC		GEO	0	0	2346538	GSE79314	GSM2091457	27564394	4559927	wild-type ST4/74	WT	NC_016857.1;NC_016858.1;NC_017675.1;NC_016859.1	18_mutants	WT_lnSPI2	WT_MEP	WT	PCN			Aerobic		37C	5.83		0.3		Salmonella enterica subsp. enterica serovar Typhimurium str. ST4/74		WT	ChIP-Seq	1	1	WT_InSPI2_1		
SRX1639008	8/9/16 15:48	909946	Salmonella enterica subsp. enterica serovar Typhimurium str. ST4/74	28901	1236	909946	Salmonella enterica	SINGLE	ILLUMINA	Illumina HiSeq 2000	SRR3233317	SRP071896	PRJNA315446	315446	SRS1345458	SAMN04559928	SRA386025	RNA-Seq	cDNA	TRANSCRIPTOMIC		GEO	0	0	2346539	GSE79314	GSM2091458	27564394	4559928	wild-type ST4/74	WT	NC_016857.1;NC_016858.1;NC_017675.1;NC_016859.1	18_mutants	WT_InSPI2	WT_MEP	WT	PCN			Aerobic		37C	5.83		0.3		Salmonella enterica subsp. enterica serovar Typhimurium str. ST4/74		WT	ChIP-Seq	2	1	WT_InSPI2_2		
SRX1639009	8/9/16 15:48	909946	Salmonella enterica subsp. enterica serovar Typhimurium str. ST4/74	28901	1236	909946	Salmonella enterica	SINGLE	ILLUMINA	Illumina HiSeq 2000	SRR3233318	SRP071896	PRJNA315446	315446	SRS1345457	SAMN04559929	SRA386025	RNA-Seq	cDNA	TRANSCRIPTOMIC		GEO	0	0	2346540	GSE79314	GSM2091459	27564394	4559929	ST4/74 delta-hilD	del_hilD	NC_016857.1;NC_016858.1;NC_017675.1;NC_016859.1	18_mutants	hilD_InSPI2	WT_MEP	del_hilD	PCN			Aerobic		37C	5.83		0.3		Salmonella enterica subsp. enterica serovar Typhimurium str. ST4/74		hilD	ChIP-Seq	1	1	hilD_InSPI2		
SRX1639010	8/9/16 15:48	909946	Salmonella enterica subsp. enterica serovar Typhimurium str. ST4/74	28901	1236	909946	Salmonella enterica	SINGLE	ILLUMINA	Illumina HiSeq 2000	SRR3233319	SRP071896	PRJNA315446	315446	SRS1345456	SAMN04559930	SRA386025	RNA-Seq	cDNA	TRANSCRIPTOMIC		GEO	0	0	2346541	GSE79314	GSM2091460	27564394	4559930	ST4/74 delta-phoB/R	del_phoB/R	NC_016857.1;NC_016858.1;NC_017675.1;NC_016859.1	18_mutants	phoB/R_InSPI2	WT_MEP	del_phoB/R	PCN			Aerobic		37C	5.83		0.3		Salmonella enterica subsp. enterica serovar Typhimurium str. ST4/74		phoB/R	ChIP-Seq	1	1	phoB/R_InSPI2		
SRX1639011	8/9/16 15:48	909946	Salmonella enterica subsp. enterica serovar Typhimurium str. ST4/74	28901	1236	909946	Salmonella enterica	SINGLE	ILLUMINA	Illumina HiSeq 2000	SRR3233320	SRP071896	PRJNA315446	315446	SRS1345455	SAMN04559931	SRA386025	RNA-Seq	cDNA	TRANSCRIPTOMIC		GEO	0	0	2346542	GSE79314	GSM2091461	27564394	4559931	ST4/74 delta-slyA	del_slyA	NC_016857.1;NC_016858.1;NC_017675.1;NC_016859.1	18_mutants	slyA_InSPI2	WT_MEP	del_slyA	PCN			Aerobic		37C	5.83		0.3		Salmonella enterica subsp. enterica serovar Typhimurium str. ST4/74		slyA	ChIP-Seq	1	1	slyA_InSPI2		
SRX1639012	8/9/16 15:48	909946	Salmonella enterica subsp. enterica serovar Typhimurium str. ST4/74	28901	1236	909946	Salmonella enterica	SINGLE	ILLUMINA	Illumina HiSeq 2000	SRR3233321	SRP071896	PRJNA315446	315446	SRS1345454	SAMN04559932	SRA386025	RNA-Seq	cDNA	TRANSCRIPTOMIC		GEO	0	0	2346543	GSE79314	GSM2091462	27564394	4559932	ST4/74 delta-phoP/Q	del_phoP/Q	NC_016857.1;NC_016858.1;NC_017675.1;NC_016859.1	18_mutants	phoP/Q_InSPI2	WT_MEP	del_phoP/Q	PCN			Aerobic		37C	5.83		0.3		Salmonella enterica subsp. enterica serovar Typhimurium str. ST4/74		phoP/Q	ChIP-Seq	1	1	phoP/Q_InSPI2		
SRX1639013	8/9/16 15:48	909946	Salmonella enterica subsp. enterica serovar Typhimurium str. ST4/74	28901	1236	909946	Salmonella enterica	SINGLE	ILLUMINA	Illumina HiSeq 2000	SRR3233322	SRP071896	PRJNA315446	315446	SRS1345453	SAMN04559933	SRA386025	RNA-Seq	cDNA	TRANSCRIPTOMIC		GEO	0	0	2346544	GSE79314	GSM2091463	27564394	4559933	ST4/74 delta-ompR/envZ	del_ompR/envZ	NC_016857.1;NC_016858.1;NC_017675.1;NC_016859.1	18_mutants	ompR/envZ_InSPI2	WT_MEP	del_ompR/envZ	PCN			Aerobic		37C	5.83		0.3		Salmonella enterica subsp. enterica serovar Typhimurium str. ST4/74		ompR/envZ	ChIP-Seq	1	1	ompR/envZ_InSPI2		
SRX1639014	8/9/16 15:48	909946	Salmonella enterica subsp. enterica serovar Typhimurium str. ST4/74	28901	1236	909946	Salmonella enterica	SINGLE	ILLUMINA	Illumina HiSeq 2000	SRR3233323	SRP071896	PRJNA315446	315446	SRS1345452	SAMN04559934	SRA386025	RNA-Seq	cDNA	TRANSCRIPTOMIC		GEO	0	0	2346545	GSE79314	GSM2091464	27564394	4559934	ST4/74 delta-ssrA	del_ssrA	NC_016857.1;NC_016858.1;NC_017675.1;NC_016859.1	18_mutants	ssrA_InSPI2	WT_MEP	del_ssrA	PCN			Aerobic		37C	5.83		0.3		Salmonella enterica subsp. enterica serovar Typhimurium str. ST4/74		ssrA	ChIP-Seq	1	1	ssrA_InSPI2		
SRX1639015	8/9/16 15:48	909946	Salmonella enterica subsp. enterica serovar Typhimurium str. ST4/74	28901	1236	909946	Salmonella enterica	SINGLE	ILLUMINA	Illumina HiSeq 2000	SRR3233324	SRP071896	PRJNA315446	315446	SRS1345451	SAMN04559935	SRA386025	RNA-Seq	cDNA	TRANSCRIPTOMIC		GEO	0	0	2346546	GSE79314	GSM2091465	27564394	4559935	ST4/74 delta-ssrB	del_ssrB	NC_016857.1;NC_016858.1;NC_017675.1;NC_016859.1	18_mutants	ssrB_InSPI2	WT_MEP	del_ssrB	PCN			Aerobic		37C	5.83		0.3		Salmonella enterica subsp. enterica serovar Typhimurium str. ST4/74		ssrB	ChIP-Seq	1	1	ssrB_InSPI2		
SRX1639016	8/9/16 15:48	909946	Salmonella enterica subsp. enterica serovar Typhimurium str. ST4/74	28901	1236	909946	Salmonella enterica	SINGLE	ILLUMINA	Illumina HiSeq 2000	SRR3233325	SRP071896	PRJNA315446	315446	SRS1345450	SAMN04559936	SRA386025	RNA-Seq	cDNA	TRANSCRIPTOMIC		GEO	0	0	2346547	GSE79314	GSM2091466	27564394	4559936	ST4/74 delta-ssrA/B	del_ssrA/B	NC_016857.1;NC_016858.1;NC_017675.1;NC_016859.1	18_mutants	ssrA/B_InSPI2	WT_MEP	del_ssrA/B	PCN			Aerobic		37C	5.83		0.3		Salmonella enterica subsp. enterica serovar Typhimurium str. ST4/74		ssrA/B	ChIP-Seq	1	1	ssrA/B_InSPI2		
SRX4665703	9/25/18 18:26	909946	Salmonella enterica subsp. enterica serovar Typhimurium str. ST4/74	28901	1236	909946	Salmonella enterica	SINGLE	ILLUMINA	Illumina HiSeq 2000	SRR7814133	SRP160917	PRJNA490148	490148	SRS3760700	SAMN10026136	SRA770554	RNA-Seq	cDNA	TRANSCRIPTOMIC		GEO	0	0	6323852	GSE119724	GSM3381715	30645593	10026136	ST4/74	wild type	NC_016857.1;NC_016858.1;NC_017675.1;NC_016859.1	comparative_st474	st474_25C	st474_MEP	WT	LB			Aerobic		25C			0.3	Growth in Lennox broth at 25ºC,220 rpm(in a water bath),to OD600 nm0.3	Salmonella enterica subsp. enterica serovar Typhimurium str. ST4/74		WT	Proteomics	1	1	25C		
SRX4665704	9/25/18 18:26	909946	Salmonella enterica subsp. enterica serovar Typhimurium str. ST4/74	28901	1236	909946	Salmonella enterica	SINGLE	ILLUMINA	NextSeq 500	SRR7814134	SRP160917	PRJNA490148	490148	SRS3760701	SAMN10026135	SRA770554	RNA-Seq	cDNA	TRANSCRIPTOMIC		GEO	0	0	6323853	GSE119724	GSM3381716	30645593	10026135	ST4/74	wild type	NC_016857.1;NC_016858.1;NC_017675.1;NC_016859.1	comparative_st474	st474_Anaerobic_growth	st474_MEP	WT	LB			Anaerobic		37C			0.3	Growthin Lennox broth in a completely filled and closed 50 ml Falcon tube, incubated statically at 37ºC,to OD600 nm0.3.	Salmonella enterica subsp. enterica serovar Typhimurium str. ST4/74		WT	Proteomics	1	1	Anaerobic_growth-2		
SRX4665705	9/25/18 18:26	909946	Salmonella enterica subsp. enterica serovar Typhimurium str. ST4/74	28901	1236	909946	Salmonella enterica	SINGLE	ILLUMINA	NextSeq 500	SRR7814135	SRP160917	PRJNA490148	490148	SRS3760702	SAMN10026133	SRA770554	RNA-Seq	cDNA	TRANSCRIPTOMIC		GEO	0	0	6323854	GSE119724	GSM3381717	30645593	10026133	ST4/74	wild type	NC_016857.1;NC_016858.1;NC_017675.1;NC_016859.1	comparative_st474	st474_Anaerobic_growth	st474_MEP	WT	LB			Anaerobic		37C			0.3	Growthin Lennox broth in a completely filled and closed 50 ml Falcon tube, incubated statically at 37ºC,to OD600 nm0.3.	Salmonella enterica subsp. enterica serovar Typhimurium str. ST4/74		WT	Proteomics	2	1	Anaerobic_growth-3		
SRX4665706	9/25/18 18:26	909946	Salmonella enterica subsp. enterica serovar Typhimurium str. ST4/74	28901	1236	909946	Salmonella enterica	SINGLE	ILLUMINA	NextSeq 500	SRR7814136	SRP160917	PRJNA490148	490148	SRS3760703	SAMN10026131	SRA770554	RNA-Seq	cDNA	TRANSCRIPTOMIC		GEO	0	0	6323855	GSE119724	GSM3381718	30645593	10026131	ST4/74	wild type	NC_016857.1;NC_016858.1;NC_017675.1;NC_016859.1	comparative_st474	st474_Anaerobic_growth	st474_MEP	WT	LB			Anaerobic		37C			0.3	Growthin Lennox broth in a completely filled and closed 50 ml Falcon tube, incubated statically at 37ºC,to OD600 nm0.3.	Salmonella enterica subsp. enterica serovar Typhimurium str. ST4/74		WT	Proteomics	3	1	Anaerobic_growth-4		
SRX4665707	9/25/18 18:26	909946	Salmonella enterica subsp. enterica serovar Typhimurium str. ST4/74	28901	1236	909946	Salmonella enterica	SINGLE	ILLUMINA	Illumina HiSeq 2000	SRR7814137	SRP160917	PRJNA490148	490148	SRS3760704	SAMN10026130	SRA770554	RNA-Seq	cDNA	TRANSCRIPTOMIC		GEO	0	0	6323856	GSE119724	GSM3381719	30645593	10026130	ST4/74	wild type	NC_016857.1;NC_016858.1;NC_017675.1;NC_016859.1	comparative_st474	st474_Anaerobic_growth	st474_MEP	WT	LB			Anaerobic		37C			0.3	Growthin Lennox broth in a completely filled and closed 50 ml Falcon tube, incubated statically at 37ºC,to OD600 nm0.3.	Salmonella enterica subsp. enterica serovar Typhimurium str. ST4/74		WT	Proteomics	1	1	Anaerobic_growth		
SRX4665708	9/25/18 18:26	909946	Salmonella enterica subsp. enterica serovar Typhimurium str. ST4/74	28901	1236	909946	Salmonella enterica	SINGLE	ILLUMINA	Illumina HiSeq 2000	SRR7814138	SRP160917	PRJNA490148	490148	SRS3760706	SAMN10026128	SRA770554	RNA-Seq	cDNA	TRANSCRIPTOMIC		GEO	0	0	6323857	GSE119724	GSM3381720	30645593	10026128	ST4/74	wild type	NC_016857.1;NC_016858.1;NC_017675.1;NC_016859.1	comparative_st474	st474_Anaerobic_shock	st474_MEP	WT	LB			Aerobic		37C			0.3	Growthin Lennox broth at 37ºC,220 rpm (in a water bath),to OD600 nm0.3, then transfer of 15 ml into a 15 ml Falcon tube and incubated statically at 37ºC for 30 min.	Salmonella enterica subsp. enterica serovar Typhimurium str. ST4/74		WT	Proteomics	1	1	Anaerobic_shock		
SRX4665709	9/25/18 18:26	909946	Salmonella enterica subsp. enterica serovar Typhimurium str. ST4/74	28901	1236	909946	Salmonella enterica	SINGLE	ILLUMINA	Illumina HiSeq 2000	SRR7814139	SRP160917	PRJNA490148	490148	SRS3760705	SAMN10026127	SRA770554	RNA-Seq	cDNA	TRANSCRIPTOMIC		GEO	0	0	6323858	GSE119724	GSM3381721	30645593	10026127	ST4/74	wild type	NC_016857.1;NC_016858.1;NC_017675.1;NC_016859.1	comparative_st474	st474_Bile_shock	st474_MEP	WT	LB			Aerobic		37C			0.3	Growthin Lennox broth at 37ºC,220 rpm (in a water bath),to OD600 nm0.3, then addition of bileto a final concentration of 3% for 10 min in the same incubation conditions.	Salmonella enterica subsp. enterica serovar Typhimurium str. ST4/74		WT	Proteomics	1	1	Bile_shock		
SRX4665710	9/25/18 18:26	909946	Salmonella enterica subsp. enterica serovar Typhimurium str. ST4/74	28901	1236	909946	Salmonella enterica	SINGLE	ILLUMINA	Illumina HiSeq 2000	SRR7814140	SRP160917	PRJNA490148	490148	SRS3760707	SAMN10026125	SRA770554	RNA-Seq	cDNA	TRANSCRIPTOMIC		GEO	0	0	6323859	GSE119724	GSM3381722	30645593	10026125	ST4/74	wild type	NC_016857.1;NC_016858.1;NC_017675.1;NC_016859.1	comparative_st474	st474_EEP	st474_MEP	WT	LB			Aerobic		37C		Early-log	0.1		Salmonella enterica subsp. enterica serovar Typhimurium str. ST4/74		WT	Proteomics	1	1	EEP		
SRX4665711	9/25/18 18:26	909946	Salmonella enterica subsp. enterica serovar Typhimurium str. ST4/74	28901	1236	909946	Salmonella enterica	SINGLE	ILLUMINA	NextSeq 500	SRR7814141	SRP160917	PRJNA490148	490148	SRS3760709	SAMN10026124	SRA770554	RNA-Seq	cDNA	TRANSCRIPTOMIC		GEO	0	0	6323860	GSE119724	GSM3381723	30645593	10026124	ST4/74	wild type	NC_016857.1;NC_016858.1;NC_017675.1;NC_016859.1	comparative_st474	st474_ESP	st474_MEP	WT	LB			Aerobic		37C		Early-stationary	2		Salmonella enterica subsp. enterica serovar Typhimurium str. ST4/74		WT	Proteomics	2	1	ESP-2		
SRX4665712	9/25/18 18:26	909946	Salmonella enterica subsp. enterica serovar Typhimurium str. ST4/74	28901	1236	909946	Salmonella enterica	SINGLE	ILLUMINA	NextSeq 500	SRR7814142	SRP160917	PRJNA490148	490148	SRS3760708	SAMN10026122	SRA770554	RNA-Seq	cDNA	TRANSCRIPTOMIC		GEO	0	0	6323861	GSE119724	GSM3381724	30645593	10026122	ST4/74	wild type	NC_016857.1;NC_016858.1;NC_017675.1;NC_016859.1	comparative_st474	st474_ESP	st474_MEP	WT	LB			Aerobic		37C		Early-stationary	2		Salmonella enterica subsp. enterica serovar Typhimurium str. ST4/74		WT	Proteomics	3	1	ESP-3		
SRX4665713	9/25/18 18:26	909946	Salmonella enterica subsp. enterica serovar Typhimurium str. ST4/74	28901	1236	909946	Salmonella enterica	SINGLE	ILLUMINA	NextSeq 500	SRR7814143	SRP160917	PRJNA490148	490148	SRS3760710	SAMN10026120	SRA770554	RNA-Seq	cDNA	TRANSCRIPTOMIC		GEO	0	0	6323862	GSE119724	GSM3381725	30645593	10026120	ST4/74	wild type	NC_016857.1;NC_016858.1;NC_017675.1;NC_016859.1	comparative_st474	st474_ESP	st474_MEP	WT	LB			Aerobic		37C		Early-stationary	2		Salmonella enterica subsp. enterica serovar Typhimurium str. ST4/74		WT	Proteomics	4	1	ESP-4		
SRX4665714	9/25/18 18:26	909946	Salmonella enterica subsp. enterica serovar Typhimurium str. ST4/74	28901	1236	909946	Salmonella enterica	SINGLE	ILLUMINA	Illumina HiSeq 2000	SRR7814144	SRP160917	PRJNA490148	490148	SRS3760712	SAMN10026118	SRA770554	RNA-Seq	cDNA	TRANSCRIPTOMIC		GEO	0	0	6323863	GSE119724	GSM3381726	30645593	10026118	ST4/74	wild type	NC_016857.1;NC_016858.1;NC_017675.1;NC_016859.1	comparative_st474	st474_ESP	st474_MEP	WT	LB			Aerobic		37C		Early-stationary	2		Salmonella enterica subsp. enterica serovar Typhimurium str. ST4/74		WT	Proteomics	1	1	ESP		
SRX4665715	9/25/18 18:26	909946	Salmonella enterica subsp. enterica serovar Typhimurium str. ST4/74	28901	1236	909946	Salmonella enterica	SINGLE	ILLUMINA	NextSeq 500	SRR7814145	SRP160917	PRJNA490148	490148	SRS3760711	SAMN10026116	SRA770554	RNA-Seq	cDNA	TRANSCRIPTOMIC		GEO	0	0	6323864	GSE119724	GSM3381727	30645593	10026116	ST4/74	wild type	NC_016857.1;NC_016858.1;NC_017675.1;NC_016859.1	comparative_st474	st474_InSPI2	st474_MEP	WT	PCN			Aerobic		37C	5.8		0.3	Growth in PCN medium (pH 5.8, 0.4 mM Pi) at 37ºC,220 rpm (in a water bath),to OD600 nm0.3.	Salmonella enterica subsp. enterica serovar Typhimurium str. ST4/74		WT	Proteomics	1	1	InSPI2-2		
SRX4665716	9/25/18 18:26	909946	Salmonella enterica subsp. enterica serovar Typhimurium str. ST4/74	28901	1236	909946	Salmonella enterica	SINGLE	ILLUMINA	NextSeq 500	SRR7814146	SRP160917	PRJNA490148	490148	SRS3760713	SAMN10026115	SRA770554	RNA-Seq	cDNA	TRANSCRIPTOMIC		GEO	0	0	6323865	GSE119724	GSM3381728	30645593	10026115	ST4/74	wild type	NC_016857.1;NC_016858.1;NC_017675.1;NC_016859.1	comparative_st474	st474_InSPI2	st474_MEP	WT	PCN			Aerobic		37C	5.8		0.3	Growth in PCN medium (pH 5.8, 0.4 mM Pi) at 37ºC,220 rpm (in a water bath),to OD600 nm0.3.	Salmonella enterica subsp. enterica serovar Typhimurium str. ST4/74		WT	Proteomics	2	1	InSPI2-3		
SRX4665717	9/25/18 18:26	909946	Salmonella enterica subsp. enterica serovar Typhimurium str. ST4/74	28901	1236	909946	Salmonella enterica	SINGLE	ILLUMINA	NextSeq 500	SRR7814147	SRP160917	PRJNA490148	490148	SRS3760715	SAMN10026113	SRA770554	RNA-Seq	cDNA	TRANSCRIPTOMIC		GEO	0	0	6323866	GSE119724	GSM3381729	30645593	10026113	ST4/74	wild type	NC_016857.1;NC_016858.1;NC_017675.1;NC_016859.1	comparative_st474	st474_InSPI2	st474_MEP	WT	PCN			Aerobic		37C	5.8		0.3	Growth in PCN medium (pH 5.8, 0.4 mM Pi) at 37ºC,220 rpm (in a water bath),to OD600 nm0.3.	Salmonella enterica subsp. enterica serovar Typhimurium str. ST4/74		WT	Proteomics	3	1	InSPI2-4		
SRX4665718	9/25/18 18:26	909946	Salmonella enterica subsp. enterica serovar Typhimurium str. ST4/74	28901	1236	909946	Salmonella enterica	SINGLE	ILLUMINA	Illumina HiSeq 2000	SRR7814148	SRP160917	PRJNA490148	490148	SRS3760732	SAMN10026112	SRA770554	RNA-Seq	cDNA	TRANSCRIPTOMIC		GEO	0	0	6323867	GSE119724	GSM3381730	30645593	10026112	ST4/74	wild type	NC_016857.1;NC_016858.1;NC_017675.1;NC_016859.1	comparative_st474	st474_InSPI2	st474_MEP	WT	PCN			Aerobic		37C	5.8		0.3	Growth in PCN medium (pH 5.8, 0.4 mM Pi) at 37ºC,220 rpm (in a water bath),to OD600 nm0.3.	Salmonella enterica subsp. enterica serovar Typhimurium str. ST4/74		WT	Proteomics	1	1	InSPI2		
SRX4665719	9/25/18 18:26	909946	Salmonella enterica subsp. enterica serovar Typhimurium str. ST4/74	28901	1236	909946	Salmonella enterica	SINGLE	ILLUMINA	Illumina HiSeq 2000	SRR7814149	SRP160917	PRJNA490148	490148	SRS3760714	SAMN10026110	SRA770554	RNA-Seq	cDNA	TRANSCRIPTOMIC		GEO	0	0	6323868	GSE119724	GSM3381731	30645593	10026110	ST4/74	wild type	NC_016857.1;NC_016858.1;NC_017675.1;NC_016859.1	comparative_st474	st474_LEP	st474_MEP	WT	LB			Aerobic		37C			0.1		Salmonella enterica subsp. enterica serovar Typhimurium str. ST4/74		WT	Proteomics	1	1	LEP		
SRX4665720	9/25/18 18:26	909946	Salmonella enterica subsp. enterica serovar Typhimurium str. ST4/74	28901	1236	909946	Salmonella enterica	SINGLE	ILLUMINA	Illumina HiSeq 2000	SRR7814150	SRP160917	PRJNA490148	490148	SRS3760716	SAMN10026108	SRA770554	RNA-Seq	cDNA	TRANSCRIPTOMIC		GEO	0	0	6323869	GSE119724	GSM3381732	30645593	10026108	ST4/74	wild type	NC_016857.1;NC_016858.1;NC_017675.1;NC_016859.1	comparative_st474	st474_Low_Fe2+_shock	st474_MEP	WT	LB			Aerobic		37C			0.3	Growth in Lennox broth at 37ºC,220 rpm (in a water bath),to OD600 nm0.3, then addition of 2,2’-dipyridyl to a final concentration of 0.2 mMfor 10 min in the same incubation conditions.	Salmonella enterica subsp. enterica serovar Typhimurium str. ST4/74		WT	Proteomics	1	1	Low_Fe2+_shock		
SRX4665721	9/25/18 18:26	909946	Salmonella enterica subsp. enterica serovar Typhimurium str. ST4/74	28901	1236	909946	Salmonella enterica	SINGLE	ILLUMINA	Illumina HiSeq 2000	SRR7814151	SRP160917	PRJNA490148	490148	SRS3760717	SAMN10026106	SRA770554	RNA-Seq	cDNA	TRANSCRIPTOMIC		GEO	0	0	6323870	GSE119724	GSM3381733	30645593	10026106	ST4/74	wild type	NC_016857.1;NC_016858.1;NC_017675.1;NC_016859.1	comparative_st474	st474_LSP	st474_MEP	WT	LB			Aerobic		37C		Late-stationary	2	Growth in Lennox broth at 37ºC,220 rpm (in a water bath),to OD600 nm2, followed by a further 6 h growth in the same incubation conditions.	Salmonella enterica subsp. enterica serovar Typhimurium str. ST4/74		WT	Proteomics	1	1	LSP		
SRX4665722	9/25/18 18:26	909946	Salmonella enterica subsp. enterica serovar Typhimurium str. ST4/74	28901	1236	909946	Salmonella enterica	SINGLE	ILLUMINA	Illumina HiSeq 2000	SRR7814152	SRP160917	PRJNA490148	490148	SRS3760719	SAMN10026105	SRA770554	RNA-Seq	cDNA	TRANSCRIPTOMIC		GEO	0	0	6323871	GSE119724	GSM3381734	30645593	10026105	ST4/74	wild type	NC_016857.1;NC_016858.1;NC_017675.1;NC_016859.1	comparative_st474	st474_Macrophage	st474_MEP	WT	DMEM			Aerobic	5% fetal bovine serum & L-glutamine (2 mM final concentration) and MEM non-essential amino acids without antibiotics	37C				Bacteria from the intra-macrophage (RAW264.7) environment were recovered after 8 h post-infection	Salmonella enterica subsp. enterica serovar Typhimurium str. ST4/74		WT	Proteomics	1	1	Macrophage-1		
SRX4665723	9/25/18 18:26	909946	Salmonella enterica subsp. enterica serovar Typhimurium str. ST4/74	28901	1236	909946	Salmonella enterica	SINGLE	ILLUMINA	Illumina HiSeq 2000	SRR7814153	SRP160917	PRJNA490148	490148	SRS3760720	SAMN10026104	SRA770554	RNA-Seq	cDNA	TRANSCRIPTOMIC		GEO	0	0	6323872	GSE119724	GSM3381735	30645593	10026104	ST4/74	wild type	NC_016857.1;NC_016858.1;NC_017675.1;NC_016859.1	comparative_st474	st474_Macrophage	st474_MEP	WT	DMEM			Aerobic	5% fetal bovine serum & L-glutamine (2 mM final concentration) and MEM non-essential amino acids without antibiotics	37C				Bacteria from the intra-macrophage (RAW264.7) environment were recovered after 8 h post-infection	Salmonella enterica subsp. enterica serovar Typhimurium str. ST4/74		WT	Proteomics	2	1	Macrophage-2		
SRX4665724	9/25/18 18:26	909946	Salmonella enterica subsp. enterica serovar Typhimurium str. ST4/74	28901	1236	909946	Salmonella enterica	SINGLE	ILLUMINA	NextSeq 500	SRR7814154	SRP160917	PRJNA490148	490148	SRS3760721	SAMN10026103	SRA770554	RNA-Seq	cDNA	TRANSCRIPTOMIC		GEO	0	0	6323873	GSE119724	GSM3381736	30645593	10026103	ST4/74	wild type	NC_016857.1;NC_016858.1;NC_017675.1;NC_016859.1	comparative_st474	st474_Macrophage	st474_MEP	WT	DMEM			Aerobic	5% fetal bovine serum & L-glutamine (2 mM final concentration) and MEM non-essential amino acids without antibiotics	37C				Bacteria from the intra-macrophage (RAW264.7) environment were recovered after 8 h post-infection	Salmonella enterica subsp. enterica serovar Typhimurium str. ST4/74		WT	Proteomics	3	1	Macrophage-3		
SRX4665725	9/25/18 18:26	909946	Salmonella enterica subsp. enterica serovar Typhimurium str. ST4/74	28901	1236	909946	Salmonella enterica	SINGLE	ILLUMINA	Illumina HiSeq 2000	SRR7814155	SRP160917	PRJNA490148	490148	SRS3760722	SAMN10026102	SRA770554	RNA-Seq	cDNA	TRANSCRIPTOMIC		GEO	0	0	6323874	GSE119724	GSM3381737	30645593	10026102	ST4/74	wild type	NC_016857.1;NC_016858.1;NC_017675.1;NC_016859.1	comparative_st474	st474_MEP	st474_MEP	WT	LB			Aerobic		37C		Mid-log	0.3		Salmonella enterica subsp. enterica serovar Typhimurium str. ST4/74		WT	Proteomics	1	1	MEP		
SRX4665726	9/25/18 18:26	909946	Salmonella enterica subsp. enterica serovar Typhimurium str. ST4/74	28901	1236	909946	Salmonella enterica	SINGLE	ILLUMINA	Illumina HiSeq 2000	SRR7814156	SRP160917	PRJNA490148	490148	SRS3760723	SAMN10026101	SRA770554	RNA-Seq	cDNA	TRANSCRIPTOMIC		GEO	0	0	6323875	GSE119724	GSM3381738	30645593	10026101	ST4/74	wild type	NC_016857.1;NC_016858.1;NC_017675.1;NC_016859.1	comparative_st474	st474_NaCl_shock	st474_MEP	WT	LB			Aerobic		37C			0.3	Growth in Lennox broth at 37ºC,220 rpm (in a water bath),to OD600 nm0.3, then addition of NaCl to a final concentration of 0.3 M for 10 min in the same incubation conditions.	Salmonella enterica subsp. enterica serovar Typhimurium str. ST4/74		WT	Proteomics	1	1	NaCl_shock		
SRX4665727	9/25/18 18:26	909946	Salmonella enterica subsp. enterica serovar Typhimurium str. ST4/74	28901	1236	909946	Salmonella enterica	SINGLE	ILLUMINA	NextSeq 500	SRR7814157	SRP160917	PRJNA490148	490148	SRS3760724	SAMN10026107	SRA770554	RNA-Seq	cDNA	TRANSCRIPTOMIC		GEO	0	0	6323876	GSE119724	GSM3381739	30645593	10026107	ST4/74	wild type	NC_016857.1;NC_016858.1;NC_017675.1;NC_016859.1	comparative_st474	st474_NonSPI2	st474_MEP	WT	PCN			Aerobic		37C	7.4		0.3	Growth in PCN medium (pH 7.4, 25 mM Pi) at 37ºC,220 rpm (in a water bath),to OD600 nm0.3.	Salmonella enterica subsp. enterica serovar Typhimurium str. ST4/74		WT	Proteomics	1	1	NonSPI2-2		
SRX4665728	9/25/18 18:26	909946	Salmonella enterica subsp. enterica serovar Typhimurium str. ST4/74	28901	1236	909946	Salmonella enterica	SINGLE	ILLUMINA	NextSeq 500	SRR7814158	SRP160917	PRJNA490148	490148	SRS3760725	SAMN10026100	SRA770554	RNA-Seq	cDNA	TRANSCRIPTOMIC		GEO	0	0	6323877	GSE119724	GSM3381740	30645593	10026100	ST4/74	wild type	NC_016857.1;NC_016858.1;NC_017675.1;NC_016859.1	comparative_st474	st474_NonSPI2	st474_MEP	WT	PCN			Aerobic		37C	7.4		0.3	Growth in PCN medium (pH 7.4, 25 mM Pi) at 37ºC,220 rpm (in a water bath),to OD600 nm0.3.	Salmonella enterica subsp. enterica serovar Typhimurium str. ST4/74		WT	Proteomics	2	1	NonSPI2-3		
SRX4665729	9/25/18 18:26	909946	Salmonella enterica subsp. enterica serovar Typhimurium str. ST4/74	28901	1236	909946	Salmonella enterica	SINGLE	ILLUMINA	NextSeq 500	SRR7814159	SRP160917	PRJNA490148	490148	SRS3760726	SAMN10026196	SRA770554	RNA-Seq	cDNA	TRANSCRIPTOMIC		GEO	0	0	6323878	GSE119724	GSM3381741	30645593	10026196	ST4/74	wild type	NC_016857.1;NC_016858.1;NC_017675.1;NC_016859.1	comparative_st474	st474_NonSPI2	st474_MEP	WT	PCN			Aerobic		37C	7.4		0.3	Growth in PCN medium (pH 7.4, 25 mM Pi) at 37ºC,220 rpm (in a water bath),to OD600 nm0.3.	Salmonella enterica subsp. enterica serovar Typhimurium str. ST4/74		WT	Proteomics	3	1	NonSPI2-4		
SRX4665730	9/25/18 18:26	909946	Salmonella enterica subsp. enterica serovar Typhimurium str. ST4/74	28901	1236	909946	Salmonella enterica	SINGLE	ILLUMINA	Illumina HiSeq 2000	SRR7814160	SRP160917	PRJNA490148	490148	SRS3760727	SAMN10026177	SRA770554	RNA-Seq	cDNA	TRANSCRIPTOMIC		GEO	0	0	6323879	GSE119724	GSM3381742	30645593	10026177	ST4/74	wild type	NC_016857.1;NC_016858.1;NC_017675.1;NC_016859.1	comparative_st474	st474_NonSPI2	st474_MEP	WT	PCN			Aerobic		37C	7.4		0.3	Growth in PCN medium (pH 7.4, 25 mM Pi) at 37ºC,220 rpm (in a water bath),to OD600 nm0.3.	Salmonella enterica subsp. enterica serovar Typhimurium str. ST4/74		WT	Proteomics	1	1	NonSPI2		
SRX4665731	9/25/18 18:26	909946	Salmonella enterica subsp. enterica serovar Typhimurium str. ST4/74	28901	1236	909946	Salmonella enterica	SINGLE	ILLUMINA	Illumina HiSeq 2000	SRR7814161	SRP160917	PRJNA490148	490148	SRS3760728	SAMN10026176	SRA770554	RNA-Seq	cDNA	TRANSCRIPTOMIC		GEO	0	0	6323880	GSE119724	GSM3381743	30645593	10026176	ST4/74	wild type	NC_016857.1;NC_016858.1;NC_017675.1;NC_016859.1	comparative_st474	st474_NO_shock_InSPI2	st474_MEP	WT	LB			Aerobic		37C					Salmonella enterica subsp. enterica serovar Typhimurium str. ST4/74		WT	Proteomics	1	1	NO_shock_InSPI2		
SRX4665732	9/25/18 18:26	909946	Salmonella enterica subsp. enterica serovar Typhimurium str. ST4/74	28901	1236	909946	Salmonella enterica	SINGLE	ILLUMINA	Illumina HiSeq 2000	SRR7814162	SRP160917	PRJNA490148	490148	SRS3760729	SAMN10026175	SRA770554	RNA-Seq	cDNA	TRANSCRIPTOMIC		GEO	0	0	6323881	GSE119724	GSM3381744	30645593	10026175	ST4/74	wild type	NC_016857.1;NC_016858.1;NC_017675.1;NC_016859.1	comparative_st474	st474_Oxygen_shock	st474_MEP	WT	LB			Anaerobic		37C				Growth in Lennox broth in a completely filled and closed 50 ml Falcon tube, incubated statically at 37ºC,to OD600 nm0.3, then transfer into a baffled flask for 15 min at 37ºC,250 rpm(in a water bath).	Salmonella enterica subsp. enterica serovar Typhimurium str. ST4/74		WT	Proteomics	1	1	Oxygen_shock		
SRX4665733	9/25/18 18:26	909946	Salmonella enterica subsp. enterica serovar Typhimurium str. ST4/74	28901	1236	909946	Salmonella enterica	SINGLE	ILLUMINA	Illumina HiSeq 2000	SRR7814163	SRP160917	PRJNA490148	490148	SRS3760730	SAMN10026174	SRA770554	RNA-Seq	cDNA	TRANSCRIPTOMIC		GEO	0	0	6323882	GSE119724	GSM3381745	30645593	10026174	ST4/74	wild type	NC_016857.1;NC_016858.1;NC_017675.1;NC_016859.1	comparative_st474	st474_Peroxide_shock_InSPI2	st474_MEP	WT	PCN			Aerobic		37C				Growthin PCN medium (pH 5.8, 0.4 mM Pi) at 37ºC,220 rpm (in a water bath),to OD600 nm0.3, then addition of H2O2to a final concentration of 1 mM for 12 min in the same incubation conditions.	Salmonella enterica subsp. enterica serovar Typhimurium str. ST4/74		WT	Proteomics	1	1	Peroxide_shock_InSPI2		
SRX6747388	1/31/20 0:00	90371	Salmonella enterica subsp. enterica serovar Typhimurium str. ST4/74	28901	1236	90371	Salmonella enterica	SINGLE	ILLUMINA	Illumina HiSeq 1500	SRR10009123	SRP218513	PRJNA560458	560458	SRS5297640	SAMN12593628	SRA945932	RNA-Seq	RT-PCR	TRANSCRIPTOMIC		FRIEDRICH-LOEFFLER-INSTITUT	0	0	8888319				12593628	serovar Typhimurium																	Salmonella enterica subsp. enterica serovar Typhimurium str. ST4/74								
SRX6747387	1/31/20 0:00	90371	Salmonella enterica subsp. enterica serovar Typhimurium str. ST4/74	28901	1236	90371	Salmonella enterica	SINGLE	ILLUMINA	Illumina HiSeq 1500	SRR10009124	SRP218513	PRJNA560458	560458	SRS5297639	SAMN12593627	SRA945932	RNA-Seq	RT-PCR	TRANSCRIPTOMIC		FRIEDRICH-LOEFFLER-INSTITUT	0	0	8888318				12593627	serovar Typhimurium																	Salmonella enterica subsp. enterica serovar Typhimurium str. ST4/74								
SRX6747386	1/31/20 0:00	90371	Salmonella enterica subsp. enterica serovar Typhimurium str. ST4/74	28901	1236	90371	Salmonella enterica	SINGLE	ILLUMINA	Illumina HiSeq 1500	SRR10009125	SRP218513	PRJNA560458	560458	SRS5297638	SAMN12593626	SRA945932	RNA-Seq	RT-PCR	TRANSCRIPTOMIC		FRIEDRICH-LOEFFLER-INSTITUT	0	0	8888317				12593626	serovar Typhimurium																	Salmonella enterica subsp. enterica serovar Typhimurium str. ST4/74								
SRX6747385	1/31/20 0:00	28901	Salmonella enterica subsp. enterica serovar Typhimurium str. ST4/74	28901	1236	28901	Salmonella enterica	SINGLE	ILLUMINA	Illumina HiSeq 1500	SRR10009126	SRP218513	PRJNA560458	560458	SRS5297637	SAMN12593631	SRA945932	RNA-Seq	RT-PCR	TRANSCRIPTOMIC		FRIEDRICH-LOEFFLER-INSTITUT	0	0	8888316				12593631	serovar Typhimurium																	Salmonella enterica subsp. enterica serovar Typhimurium str. ST4/74								
SRX6747389	1/31/20 0:00	90371	Salmonella enterica subsp. enterica serovar Typhimurium str. ST4/74	28901	1236	90371	Salmonella enterica	SINGLE	ILLUMINA	Illumina HiSeq 1500	SRR10009122	SRP218513	PRJNA560458	560458	SRS5297641	SAMN12593629	SRA945932	RNA-Seq	RT-PCR	TRANSCRIPTOMIC		FRIEDRICH-LOEFFLER-INSTITUT	0	0	8888320				12593629	serovar Typhimurium																	Salmonella enterica subsp. enterica serovar Typhimurium str. ST4/74								
SRX6747384	1/31/20 0:00	90371	Salmonella enterica subsp. enterica serovar Typhimurium str. ST4/74	28901	1236	90371	Salmonella enterica	SINGLE	ILLUMINA	Illumina HiSeq 1500	SRR10009127	SRP218513	PRJNA560458	560458	SRS5297636	SAMN12593630	SRA945932	RNA-Seq	RT-PCR	TRANSCRIPTOMIC		FRIEDRICH-LOEFFLER-INSTITUT	0	0	8888315				12593630	serovar Typhimurium																	Salmonella enterica subsp. enterica serovar Typhimurium str. ST4/74								
